#Typical Measured Spectrum of Semrock FF01-554/23 Optical Filter	
#For wavelengths between 320 and 1120 nm, values near or below 3e-7 (Optical Density 6.5) are measurement noise limited.
#For wavelengths < 320 nm and > 1120 nm, values near or below 3e-6 (Optical Density 5.5) are measurement noise limited. 
#Data format:  Wavelength (nm) <tab> Transmission (0 to 1)
#Type: Filter
#Name: Semrock FF01-554_23
wavelength,transmission
265.0, 3.5705e-06
265.2, 3.9315e-06
265.4, 4.3289e-06
265.6, 4.7666e-06
265.8, 5.2485e-06
266.0, 5.7791e-06
266.2, 6.3634e-06
266.4, 7.0067e-06
266.6, 7.7151e-06
266.8, 8.4951e-06
267.0, 9.354e-06
267.2, 1.03e-05
267.4, 1.1341e-05
267.6, 1.2488e-05
267.8, 1.375e-05
268.0, 1.514e-05
268.2, 1.6671e-05
268.4, 1.8356e-05
268.6, 2.0212e-05
268.8, 2.2256e-05
269.0, 2.4506e-05
269.2, 2.6983e-05
269.4, 2.9711e-05
269.6, 2.9936e-05
269.8, 3.0136e-05
270.0, 3.0338e-05
270.2, 3.054e-05
270.4, 3.0744e-05
270.6, 3.0949e-05
270.8, 3.1156e-05
271.0, 3.1364e-05
271.2, 3.1573e-05
271.4, 3.1784e-05
271.6, 3.1997e-05
271.8, 3.221e-05
272.0, 3.2425e-05
272.2, 3.2642e-05
272.4, 3.286e-05
272.6, 3.3079e-05
272.8, 3.33e-05
273.0, 3.3522e-05
273.2, 3.3746e-05
273.4, 3.3972e-05
273.6, 3.4198e-05
273.8, 3.4427e-05
274.0, 3.4657e-05
274.2, 2.1688e-05
274.4, 1.0015e-05
274.6, 4.6246e-06
274.8, 2.1355e-06
275.0, 9.8612e-07
275.2, 9.7675e-07
275.4, 9.6746e-07
275.6, 9.5826e-07
275.8, 9.4915e-07
276.0, 9.4013e-07
276.2, 9.3119e-07
276.4, 9.2234e-07
276.6, 9.1357e-07
276.8, 9.0489e-07
277.0, 8.9629e-07
277.2, 8.8777e-07
277.4, 8.7933e-07
277.6, 8.7097e-07
277.8, 8.6269e-07
278.0, 9.2026e-07
278.2, 1.0347e-06
278.4, 1.1634e-06
278.6, 1.3081e-06
278.8, 1.4707e-06
279.0, 1.6536e-06
279.2, 1.8593e-06
279.4, 2.0905e-06
279.6, 2.3504e-06
279.8, 2.6427e-06
280.0, 2.9714e-06
280.2, 3.3409e-06
280.4, 3.7564e-06
280.6, 4.2235e-06
280.8, 4.7488e-06
281.0, 5.3393e-06
281.2, 6.0033e-06
281.4, 6.7499e-06
281.6, 7.5893e-06
281.8, 8.533e-06
282.0, 9.5942e-06
282.2, 1.0787e-05
282.4, 1.2129e-05
282.6, 1.2814e-05
282.8, 1.0785e-05
283.0, 9.0778e-06
283.2, 7.6406e-06
283.4, 6.4309e-06
283.6, 5.4128e-06
283.8, 4.5558e-06
284.0, 3.8346e-06
284.2, 3.2275e-06
284.4, 2.7165e-06
284.6, 2.2864e-06
284.8, 1.9244e-06
285.0, 1.6198e-06
285.2, 1.6778e-06
285.4, 1.7379e-06
285.6, 1.8001e-06
285.8, 1.8646e-06
286.0, 1.9314e-06
286.2, 2.0006e-06
286.4, 2.0722e-06
286.6, 2.1465e-06
286.8, 2.2234e-06
287.0, 2.303e-06
287.2, 2.3855e-06
287.4, 2.4709e-06
287.6, 2.5594e-06
287.8, 2.6511e-06
288.0, 2.5093e-06
288.2, 2.2625e-06
288.4, 2.04e-06
288.6, 1.8393e-06
288.8, 1.6584e-06
289.0, 1.4953e-06
289.2, 1.3483e-06
289.4, 1.2156e-06
289.6, 1.0961e-06
289.8, 9.8828e-07
290.0, 8.9108e-07
290.2, 8.0344e-07
290.4, 7.2442e-07
290.6, 6.5317e-07
290.8, 5.8893e-07
291.0, 5.3101e-07
291.2, 4.7878e-07
291.4, 4.3169e-07
291.6, 3.8923e-07
291.8, 3.5095e-07
292.0, 3.1643e-07
292.2, 2.8531e-07
292.4, 2.5725e-07
292.6, 2.4725e-07
292.8, 2.7685e-07
293.0, 3.0999e-07
293.2, 3.471e-07
293.4, 3.8865e-07
293.6, 4.3518e-07
293.8, 4.8727e-07
294.0, 5.4561e-07
294.2, 6.1092e-07
294.4, 6.8405e-07
294.6, 7.6594e-07
294.8, 8.5763e-07
295.0, 9.603e-07
295.2, 9.7933e-07
295.4, 9.9873e-07
295.6, 1.0185e-06
295.8, 1.0695e-06
296.0, 1.1442e-06
296.2, 1.2241e-06
296.4, 1.3096e-06
296.6, 1.401e-06
296.8, 1.4988e-06
297.0, 1.6035e-06
297.2, 1.7155e-06
297.4, 1.8353e-06
297.6, 1.9634e-06
297.8, 2.1005e-06
298.0, 2.2472e-06
298.2, 2.4042e-06
298.4, 2.572e-06
298.6, 2.7516e-06
298.8, 2.9438e-06
299.0, 3.1494e-06
299.2, 3.3693e-06
299.4, 3.6046e-06
299.6, 3.8563e-06
299.8, 4.1256e-06
300.0, 4.4137e-06
300.2, 4.7219e-06
300.4, 4.8297e-06
300.6, 4.3612e-06
300.8, 3.9382e-06
301.0, 3.5562e-06
301.2, 3.2112e-06
301.4, 2.8997e-06
301.6, 2.6184e-06
301.8, 2.3644e-06
302.0, 2.1351e-06
302.2, 1.928e-06
302.4, 1.741e-06
302.6, 1.5721e-06
302.8, 1.4196e-06
303.0, 1.2819e-06
303.2, 1.1576e-06
303.4, 1.0453e-06
303.6, 9.4387e-07
303.8, 8.5232e-07
304.0, 7.6964e-07
304.2, 6.9499e-07
304.4, 6.2757e-07
304.6, 5.667e-07
304.8, 5.1173e-07
305.0, 4.6209e-07
305.2, 4.9961e-07
305.4, 5.4018e-07
305.6, 5.8405e-07
305.8, 6.3148e-07
306.0, 6.8275e-07
306.2, 7.382e-07
306.4, 7.9814e-07
306.6, 8.6296e-07
306.8, 9.3303e-07
307.0, 9.8056e-07
307.2, 9.0551e-07
307.4, 8.3619e-07
307.6, 7.7219e-07
307.8, 7.1308e-07
308.0, 6.585e-07
308.2, 6.0809e-07
308.4, 5.6155e-07
308.6, 5.1856e-07
308.8, 4.7887e-07
309.0, 4.4221e-07
309.2, 4.0836e-07
309.4, 3.7711e-07
309.6, 3.4824e-07
309.8, 3.2158e-07
310.0, 2.9697e-07
310.2, 2.7424e-07
310.4, 2.5325e-07
310.6, 2.3386e-07
310.8, 2.1596e-07
311.0, 1.9943e-07
311.2, 1.8416e-07
311.4, 1.7007e-07
311.6, 1.5705e-07
311.8, 1.6016e-07
312.0, 1.668e-07
312.2, 1.7373e-07
312.4, 1.8093e-07
312.6, 1.8844e-07
312.8, 1.9626e-07
313.0, 2.0441e-07
313.2, 2.1289e-07
313.4, 2.2172e-07
313.6, 2.3092e-07
313.8, 2.405e-07
314.0, 2.5048e-07
314.2, 2.6088e-07
314.4, 2.717e-07
314.6, 2.8298e-07
314.8, 2.9472e-07
315.0, 3.0695e-07
315.2, 3.1968e-07
315.4, 3.3295e-07
315.6, 3.4676e-07
315.8, 3.6115e-07
316.0, 3.7614e-07
316.2, 3.9175e-07
316.4, 4.0355e-07
316.6, 4.109e-07
316.8, 4.1838e-07
317.0, 4.26e-07
317.2, 4.3376e-07
317.4, 4.4166e-07
317.6, 4.497e-07
317.8, 4.5789e-07
318.0, 4.6623e-07
318.2, 4.7472e-07
318.4, 4.8337e-07
318.6, 4.9217e-07
318.8, 5.0113e-07
319.0, 5.1026e-07
319.2, 5.1955e-07
319.4, 5.2901e-07
319.6, 5.3865e-07
319.8, 5.4845e-07
320.0, 5.5844e-07
320.2, 5.6861e-07
320.4, 5.7897e-07
320.6, 5.8951e-07
320.8, 6.0025e-07
321.0, 6.1302e-07
321.2, 6.3641e-07
321.4, 6.607e-07
321.6, 6.8592e-07
321.8, 7.121e-07
322.0, 7.3927e-07
322.2, 7.6749e-07
322.4, 7.9678e-07
322.6, 8.2719e-07
322.8, 8.5876e-07
323.0, 8.9153e-07
323.2, 9.2555e-07
323.4, 9.6088e-07
323.6, 9.9755e-07
323.8, 1.0356e-06
324.0, 1.0751e-06
324.2, 1.1162e-06
324.4, 1.1588e-06
324.6, 1.203e-06
324.8, 1.2489e-06
325.0, 1.2966e-06
325.2, 1.3461e-06
325.4, 1.3974e-06
325.6, 1.4508e-06
325.8, 1.4489e-06
326.0, 1.4365e-06
326.2, 1.4241e-06
326.4, 1.4118e-06
326.6, 1.3997e-06
326.8, 1.3876e-06
327.0, 1.3757e-06
327.2, 1.3639e-06
327.4, 1.3521e-06
327.6, 1.3405e-06
327.8, 1.3289e-06
328.0, 1.3175e-06
328.2, 1.3062e-06
328.4, 1.2949e-06
328.6, 1.2838e-06
328.8, 1.2727e-06
329.0, 1.2618e-06
329.2, 1.2509e-06
329.4, 1.2401e-06
329.6, 1.2295e-06
329.8, 1.2189e-06
330.0, 1.2084e-06
330.2, 1.198e-06
330.4, 1.1164e-06
330.6, 9.8579e-07
330.8, 8.7048e-07
331.0, 7.6866e-07
331.2, 6.7875e-07
331.4, 5.9936e-07
331.6, 5.2925e-07
331.8, 4.6735e-07
332.0, 4.1268e-07
332.2, 3.6441e-07
332.4, 3.2179e-07
332.6, 2.8415e-07
332.8, 2.5091e-07
333.0, 2.2156e-07
333.2, 1.9565e-07
333.4, 1.7276e-07
333.6, 1.5255e-07
333.8, 1.3471e-07
334.0, 1.1895e-07
334.2, 1.0504e-07
334.4, 9.2753e-08
334.6, 8.1904e-08
334.8, 7.2324e-08
335.0, 6.4732e-08
335.2, 6.3964e-08
335.4, 6.3206e-08
335.6, 6.2456e-08
335.8, 6.1715e-08
336.0, 6.0983e-08
336.2, 6.026e-08
336.4, 5.9545e-08
336.6, 5.8839e-08
336.8, 5.8141e-08
337.0, 5.7504e-08
337.2, 5.7035e-08
337.4, 5.657e-08
337.6, 5.6108e-08
337.8, 5.565e-08
338.0, 5.5196e-08
338.2, 5.4746e-08
338.4, 5.4299e-08
338.6, 5.3856e-08
338.8, 5.3416e-08
339.0, 5.298e-08
339.2, 5.2548e-08
339.4, 5.2119e-08
339.6, 5.1694e-08
339.8, 5.1272e-08
340.0, 5.0853e-08
340.2, 5.0438e-08
340.4, 5.0027e-08
340.6, 4.9618e-08
340.8, 4.9214e-08
341.0, 4.8812e-08
341.2, 4.8414e-08
341.4, 4.8018e-08
341.6, 4.7627e-08
341.8, 4.7398e-08
342.0, 4.7181e-08
342.2, 4.6966e-08
342.4, 4.6751e-08
342.6, 4.6537e-08
342.8, 4.6325e-08
343.0, 4.6113e-08
343.2, 4.5902e-08
343.4, 4.5693e-08
343.6, 4.5484e-08
343.8, 4.5276e-08
344.0, 4.5069e-08
344.2, 4.4863e-08
344.4, 4.4658e-08
344.6, 4.4454e-08
344.8, 4.4251e-08
345.0, 4.4049e-08
345.2, 4.3847e-08
345.4, 4.3647e-08
345.6, 4.3447e-08
345.8, 4.3249e-08
346.0, 4.3051e-08
346.2, 4.2855e-08
346.4, 4.2805e-08
346.6, 4.2841e-08
346.8, 4.2876e-08
347.0, 4.2912e-08
347.2, 4.2947e-08
347.4, 4.2983e-08
347.6, 4.3019e-08
347.8, 4.3054e-08
348.0, 4.309e-08
348.2, 4.3126e-08
348.4, 4.3161e-08
348.6, 4.3197e-08
348.8, 4.3233e-08
349.0, 4.3269e-08
349.2, 4.3304e-08
349.4, 4.334e-08
349.6, 4.3376e-08
349.8, 4.3412e-08
350.0, 4.3448e-08
350.2, 4.3484e-08
350.4, 4.352e-08
350.6, 4.3556e-08
350.8, 4.3592e-08
351.0, 4.4059e-08
351.2, 4.5367e-08
351.4, 4.6715e-08
351.6, 4.8102e-08
351.8, 4.9531e-08
352.0, 5.1002e-08
352.2, 5.2517e-08
352.4, 5.4077e-08
352.6, 5.5683e-08
352.8, 5.7337e-08
353.0, 5.904e-08
353.2, 6.0793e-08
353.4, 6.2599e-08
353.6, 6.4458e-08
353.8, 6.6373e-08
354.0, 6.8344e-08
354.2, 7.0374e-08
354.4, 7.2464e-08
354.6, 7.4616e-08
354.8, 7.6833e-08
355.0, 7.9115e-08
355.2, 8.1465e-08
355.4, 8.3884e-08
355.6, 8.6885e-08
355.8, 9.6765e-08
356.0, 1.0777e-07
356.2, 1.2002e-07
356.4, 1.3367e-07
356.6, 1.4887e-07
356.8, 1.658e-07
357.0, 1.8466e-07
357.2, 2.0566e-07
357.4, 2.2904e-07
357.6, 2.5509e-07
357.8, 2.8409e-07
358.0, 3.164e-07
358.2, 3.5238e-07
358.4, 3.9245e-07
358.6, 4.3708e-07
358.8, 4.8678e-07
359.0, 5.4213e-07
359.2, 6.0378e-07
359.4, 6.7244e-07
359.6, 7.4891e-07
359.8, 8.3407e-07
360.0, 9.2892e-07
360.2, 1.0346e-06
360.4, 1.0016e-06
360.6, 9.3836e-07
360.8, 8.7911e-07
361.0, 8.236e-07
361.2, 7.7159e-07
361.4, 7.2287e-07
361.6, 6.7723e-07
361.8, 6.3447e-07
362.0, 5.944e-07
362.2, 5.5687e-07
362.4, 5.2171e-07
362.6, 4.8877e-07
362.8, 4.5791e-07
363.0, 4.2899e-07
363.2, 4.019e-07
363.4, 3.7653e-07
363.6, 3.5275e-07
363.8, 3.3048e-07
364.0, 3.0961e-07
364.2, 2.9006e-07
364.4, 2.7175e-07
364.6, 2.5459e-07
364.8, 2.3851e-07
365.0, 2.1975e-07
365.2, 1.9393e-07
365.4, 1.7115e-07
365.6, 1.5104e-07
365.8, 1.333e-07
366.0, 1.1764e-07
366.2, 1.0382e-07
366.4, 9.1622e-08
366.6, 8.0859e-08
366.8, 7.136e-08
367.0, 6.6515e-08
367.2, 6.6374e-08
367.4, 6.6233e-08
367.6, 6.6093e-08
367.8, 6.5953e-08
368.0, 6.5813e-08
368.2, 6.5673e-08
368.4, 6.5534e-08
368.6, 6.5395e-08
368.8, 6.5256e-08
369.0, 6.5118e-08
369.2, 6.498e-08
369.4, 6.4842e-08
369.6, 6.4705e-08
369.8, 6.4567e-08
370.0, 6.443e-08
370.2, 6.4294e-08
370.4, 6.4157e-08
370.6, 6.4021e-08
370.8, 6.904e-08
371.0, 7.5775e-08
371.2, 8.3167e-08
371.4, 9.128e-08
371.6, 1.0018e-07
371.8, 1.0996e-07
372.0, 1.2068e-07
372.2, 1.3246e-07
372.4, 1.4538e-07
372.6, 1.5956e-07
372.8, 1.7513e-07
373.0, 1.9221e-07
373.2, 2.1096e-07
373.4, 2.3154e-07
373.6, 2.5413e-07
373.8, 2.7892e-07
374.0, 3.0613e-07
374.2, 3.3599e-07
374.4, 3.5587e-07
374.6, 3.2224e-07
374.8, 2.9178e-07
375.0, 2.6421e-07
375.2, 2.3924e-07
375.4, 2.1663e-07
375.6, 1.9615e-07
375.8, 1.7761e-07
376.0, 1.6083e-07
376.2, 1.4563e-07
376.4, 1.3186e-07
376.6, 1.194e-07
376.8, 1.0812e-07
377.0, 9.7899e-08
377.2, 8.8646e-08
377.4, 8.0268e-08
377.6, 7.2682e-08
377.8, 6.5813e-08
378.0, 5.9593e-08
378.2, 5.9836e-08
378.4, 6.4953e-08
378.6, 7.0507e-08
378.8, 7.6535e-08
379.0, 8.308e-08
379.2, 9.0184e-08
379.4, 9.7895e-08
379.6, 1.0627e-07
379.8, 1.1535e-07
380.0, 1.2522e-07
380.2, 1.3592e-07
380.4, 1.4755e-07
380.6, 1.6016e-07
380.8, 1.7386e-07
381.0, 1.8872e-07
381.2, 2.0486e-07
381.4, 2.2238e-07
381.6, 2.4139e-07
381.8, 2.6203e-07
382.0, 2.408e-07
382.2, 2.1975e-07
382.4, 2.0054e-07
382.6, 1.8302e-07
382.8, 1.6702e-07
383.0, 1.5242e-07
383.2, 1.391e-07
383.4, 1.2694e-07
383.6, 1.1585e-07
383.8, 1.0572e-07
384.0, 9.6481e-08
384.2, 8.8048e-08
384.4, 8.0352e-08
384.6, 7.3329e-08
384.8, 6.692e-08
385.0, 6.1071e-08
385.2, 5.5733e-08
385.4, 5.0862e-08
385.6, 4.7855e-08
385.8, 4.7594e-08
386.0, 4.7333e-08
386.2, 4.7075e-08
386.4, 4.6817e-08
386.6, 4.6561e-08
386.8, 4.6307e-08
387.0, 4.6054e-08
387.2, 4.5802e-08
387.4, 4.5551e-08
387.6, 4.5302e-08
387.8, 4.5055e-08
388.0, 4.4808e-08
388.2, 4.4563e-08
388.4, 4.432e-08
388.6, 4.4077e-08
388.8, 4.3836e-08
389.0, 4.3597e-08
389.2, 4.3358e-08
389.4, 4.1831e-08
389.6, 3.9971e-08
389.8, 3.8194e-08
390.0, 3.6497e-08
390.2, 3.4874e-08
390.4, 3.3324e-08
390.6, 3.1843e-08
390.8, 3.0427e-08
391.0, 2.9075e-08
391.2, 2.7782e-08
391.4, 2.6548e-08
391.6, 2.5367e-08
391.8, 2.424e-08
392.0, 2.3162e-08
392.2, 2.2917e-08
392.4, 2.2675e-08
392.6, 2.2435e-08
392.8, 2.2198e-08
393.0, 2.1959e-08
393.2, 2.1723e-08
393.4, 2.1488e-08
393.6, 2.1257e-08
393.8, 2.1027e-08
394.0, 2.08e-08
394.2, 2.0576e-08
394.4, 2.0354e-08
394.6, 2.0135e-08
394.8, 1.9918e-08
395.0, 1.9703e-08
395.2, 1.949e-08
395.4, 1.928e-08
395.6, 1.9072e-08
395.8, 1.8866e-08
396.0, 1.8663e-08
396.2, 1.8462e-08
396.4, 1.8263e-08
396.6, 1.807e-08
396.8, 1.7903e-08
397.0, 1.7737e-08
397.2, 1.7573e-08
397.4, 1.741e-08
397.6, 1.7249e-08
397.8, 1.7089e-08
398.0, 1.6931e-08
398.2, 1.6774e-08
398.4, 1.6618e-08
398.6, 1.6464e-08
398.8, 1.6312e-08
399.0, 1.6161e-08
399.2, 1.6011e-08
399.4, 1.5863e-08
399.6, 1.5716e-08
399.8, 1.557e-08
400.0, 1.5426e-08
400.2, 1.5283e-08
400.4, 1.5143e-08
400.6, 1.5006e-08
400.8, 1.4869e-08
401.0, 1.4734e-08
401.2, 1.46e-08
401.4, 1.4468e-08
401.6, 1.4336e-08
401.8, 1.4206e-08
402.0, 1.4077e-08
402.2, 1.3949e-08
402.4, 1.3823e-08
402.6, 1.3697e-08
402.8, 1.3573e-08
403.0, 1.3449e-08
403.2, 1.3327e-08
403.4, 1.3206e-08
403.6, 1.3086e-08
403.8, 1.2967e-08
404.0, 1.285e-08
404.2, 1.2744e-08
404.4, 1.2639e-08
404.6, 1.2535e-08
404.8, 1.2432e-08
405.0, 1.233e-08
405.2, 1.2229e-08
405.4, 1.2128e-08
405.6, 1.2028e-08
405.8, 1.1929e-08
406.0, 1.1831e-08
406.2, 1.1734e-08
406.4, 1.1638e-08
406.6, 1.1542e-08
406.8, 1.1447e-08
407.0, 1.1353e-08
407.2, 1.126e-08
407.4, 1.1167e-08
407.6, 1.1075e-08
407.8, 1.1282e-08
408.0, 1.1883e-08
408.2, 1.2516e-08
408.4, 1.3183e-08
408.6, 1.3885e-08
408.8, 1.4625e-08
409.0, 1.5404e-08
409.2, 1.6225e-08
409.4, 1.7089e-08
409.6, 1.8e-08
409.8, 1.8959e-08
410.0, 1.9969e-08
410.2, 2.1033e-08
410.4, 2.2153e-08
410.6, 2.3333e-08
410.8, 2.4577e-08
411.0, 2.5886e-08
411.2, 2.7265e-08
411.4, 2.8717e-08
411.6, 3.1994e-08
411.8, 3.588e-08
412.0, 4.0237e-08
412.2, 4.5124e-08
412.4, 5.0605e-08
412.6, 5.6751e-08
412.8, 6.3643e-08
413.0, 7.1373e-08
413.2, 8.0041e-08
413.4, 8.9762e-08
413.6, 1.0066e-07
413.8, 1.1289e-07
414.0, 1.266e-07
414.2, 1.4198e-07
414.4, 1.5922e-07
414.6, 1.7856e-07
414.8, 2.0024e-07
415.0, 2.2456e-07
415.2, 2.3774e-07
415.4, 2.2668e-07
415.6, 2.1613e-07
415.8, 2.0607e-07
416.0, 1.9649e-07
416.2, 1.8734e-07
416.4, 1.7863e-07
416.6, 1.7031e-07
416.8, 1.6239e-07
417.0, 1.5483e-07
417.2, 1.4763e-07
417.4, 1.4076e-07
417.6, 1.3421e-07
417.8, 1.2796e-07
418.0, 1.2201e-07
418.2, 1.1633e-07
418.4, 1.1092e-07
418.6, 1.0576e-07
418.8, 1.0084e-07
419.0, 1.0e-07
419.2, 1.0e-07
419.4, 1.0e-07
419.6, 1.0e-07
419.8, 1.0e-07
420.0, 1.0e-07
420.2, 1.0e-07
420.4, 1.0e-07
420.6, 1.0e-07
420.8, 1.0e-07
421.0, 1.0e-07
421.2, 1.0e-07
421.4, 1.0e-07
421.6, 1.0e-07
421.8, 1.0e-07
422.0, 1.0e-07
422.2, 1.0e-07
422.4, 1.0e-07
422.6, 9.8201e-08
422.8, 9.2616e-08
423.0, 8.7349e-08
423.2, 8.2381e-08
423.4, 7.7696e-08
423.6, 7.3277e-08
423.8, 6.911e-08
424.0, 6.518e-08
424.2, 6.1473e-08
424.4, 5.7977e-08
424.6, 5.4679e-08
424.8, 5.157e-08
425.0, 4.8637e-08
425.2, 4.5871e-08
425.4, 4.3262e-08
425.6, 4.0802e-08
425.8, 3.8481e-08
426.0, 3.6293e-08
426.2, 3.4229e-08
426.4, 3.2282e-08
426.6, 3.0446e-08
426.8, 3.2179e-08
427.0, 3.4444e-08
427.2, 3.6868e-08
427.4, 3.9463e-08
427.6, 4.2241e-08
427.8, 4.5214e-08
428.0, 4.8396e-08
428.2, 5.1803e-08
428.4, 5.5449e-08
428.6, 5.9351e-08
428.8, 6.3529e-08
429.0, 6.8e-08
429.2, 7.2786e-08
429.4, 7.7909e-08
429.6, 8.3393e-08
429.8, 8.9262e-08
430.0, 9.5545e-08
430.2, 1.0e-07
430.4, 1.0e-07
430.6, 1.0e-07
430.8, 1.0e-07
431.0, 1.0e-07
431.2, 1.0e-07
431.4, 1.0e-07
431.6, 1.0e-07
431.8, 1.0e-07
432.0, 1.0e-07
432.2, 1.0e-07
432.4, 1.0e-07
432.6, 1.0e-07
432.8, 1.0e-07
433.0, 1.0e-07
433.2, 1.0e-07
433.4, 1.0e-07
433.6, 1.0e-07
433.8, 1.0e-07
434.0, 1.0105e-07
434.2, 1.0242e-07
434.4, 1.0382e-07
434.6, 1.0523e-07
434.8, 1.0666e-07
435.0, 1.0812e-07
435.2, 1.0959e-07
435.4, 1.1108e-07
435.6, 1.1259e-07
435.8, 1.1412e-07
436.0, 1.1568e-07
436.2, 1.1725e-07
436.4, 1.1885e-07
436.6, 1.2047e-07
436.8, 1.2211e-07
437.0, 1.2377e-07
437.2, 1.2546e-07
437.4, 1.2716e-07
437.6, 1.2813e-07
437.8, 1.2641e-07
438.0, 1.2471e-07
438.2, 1.2303e-07
438.4, 1.2138e-07
438.6, 1.1975e-07
438.8, 1.1814e-07
439.0, 1.1655e-07
439.2, 1.1498e-07
439.4, 1.1344e-07
439.6, 1.1191e-07
439.8, 1.1041e-07
440.0, 1.0892e-07
440.2, 1.0746e-07
440.4, 1.0601e-07
440.6, 1.0459e-07
440.8, 1.0318e-07
441.0, 1.018e-07
441.2, 1.0043e-07
441.4, 1.0e-07
441.6, 1.0e-07
441.8, 1.0e-07
442.0, 1.0e-07
442.2, 1.0e-07
442.4, 1.0e-07
442.6, 1.0e-07
442.8, 1.0e-07
443.0, 1.0e-07
443.2, 1.0e-07
443.4, 1.0e-07
443.6, 1.0e-07
443.8, 1.0e-07
444.0, 1.0e-07
444.2, 1.0e-07
444.4, 1.0e-07
444.6, 1.0e-07
444.8, 1.0e-07
445.0, 1.0e-07
445.2, 1.0e-07
445.4, 1.0e-07
445.6, 1.0e-07
445.8, 1.0e-07
446.0, 1.0e-07
446.2, 1.0e-07
446.4, 1.0e-07
446.6, 1.0e-07
446.8, 1.0e-07
447.0, 1.0e-07
447.2, 1.0e-07
447.4, 1.0e-07
447.6, 1.0e-07
447.8, 1.0e-07
448.0, 1.0e-07
448.2, 1.0e-07
448.4, 1.0e-07
448.6, 1.0e-07
448.8, 1.0e-07
449.0, 1.0e-07
449.2, 1.0e-07
449.4, 1.0e-07
449.6, 1.0e-07
449.8, 1.0e-07
450.0, 1.0e-07
450.2, 1.0e-07
450.4, 1.0e-07
450.6, 1.0e-07
450.8, 1.0e-07
451.0, 1.0e-07
451.2, 1.0e-07
451.4, 1.0e-07
451.6, 1.0e-07
451.8, 1.0e-07
452.0, 1.0e-07
452.2, 1.0e-07
452.4, 9.8751e-08
452.6, 8.997e-08
452.8, 8.197e-08
453.0, 7.4682e-08
453.2, 6.8041e-08
453.4, 6.1991e-08
453.6, 5.6479e-08
453.8, 5.1457e-08
454.0, 4.6882e-08
454.2, 4.2714e-08
454.4, 3.8916e-08
454.6, 3.5455e-08
454.8, 3.2303e-08
455.0, 2.9431e-08
455.2, 2.6814e-08
455.4, 2.443e-08
455.6, 2.2257e-08
455.8, 2.0278e-08
456.0, 1.8475e-08
456.2, 1.8947e-08
456.4, 2.0797e-08
456.6, 2.2829e-08
456.8, 2.5058e-08
457.0, 2.7506e-08
457.2, 3.0193e-08
457.4, 3.3142e-08
457.6, 3.6379e-08
457.8, 3.9932e-08
458.0, 4.3833e-08
458.2, 4.8114e-08
458.4, 5.2814e-08
458.6, 5.7973e-08
458.8, 6.3635e-08
459.0, 6.9851e-08
459.2, 7.6674e-08
459.4, 8.4163e-08
459.6, 9.2384e-08
459.8, 9.9774e-08
460.0, 9.8278e-08
460.2, 9.6804e-08
460.4, 9.5353e-08
460.6, 9.3923e-08
460.8, 9.2515e-08
461.0, 9.1128e-08
461.2, 8.9762e-08
461.4, 8.8416e-08
461.6, 8.709e-08
461.8, 8.5785e-08
462.0, 8.4499e-08
462.2, 8.3232e-08
462.4, 8.1984e-08
462.6, 8.0755e-08
462.8, 7.9544e-08
463.0, 7.8351e-08
463.2, 7.7177e-08
463.4, 7.602e-08
463.6, 7.488e-08
463.8, 7.3757e-08
464.0, 7.2651e-08
464.2, 7.1562e-08
464.4, 7.0489e-08
464.6, 7.1162e-08
464.8, 7.2602e-08
465.0, 7.4071e-08
465.2, 7.557e-08
465.4, 7.71e-08
465.6, 7.866e-08
465.8, 8.0252e-08
466.0, 8.1876e-08
466.2, 8.3533e-08
466.4, 8.5224e-08
466.6, 8.6949e-08
466.8, 8.8708e-08
467.0, 9.0504e-08
467.2, 9.2335e-08
467.4, 9.4204e-08
467.6, 9.611e-08
467.8, 9.8056e-08
468.0, 9.9996e-08
468.2, 9.9804e-08
468.4, 9.9613e-08
468.6, 9.9422e-08
468.8, 9.9231e-08
469.0, 9.904e-08
469.2, 9.885e-08
469.4, 9.866e-08
469.6, 9.8471e-08
469.8, 9.8282e-08
470.0, 9.8094e-08
470.2, 9.7905e-08
470.4, 9.7717e-08
470.6, 9.753e-08
470.8, 9.7343e-08
471.0, 9.7156e-08
471.2, 9.6969e-08
471.4, 9.6783e-08
471.6, 9.6598e-08
471.8, 9.6412e-08
472.0, 9.6227e-08
472.2, 9.6042e-08
472.4, 9.5858e-08
472.6, 9.5674e-08
472.8, 9.5491e-08
473.0, 9.5342e-08
473.2, 9.6569e-08
473.4, 9.7812e-08
473.6, 9.907e-08
473.8, 1.0034e-07
474.0, 1.0164e-07
474.2, 1.0294e-07
474.4, 1.0427e-07
474.6, 1.0561e-07
474.8, 1.0697e-07
475.0, 1.0835e-07
475.2, 1.0974e-07
475.4, 1.1115e-07
475.6, 1.1258e-07
475.8, 1.1403e-07
476.0, 1.155e-07
476.2, 1.1698e-07
476.4, 1.1849e-07
476.6, 1.2001e-07
476.8, 1.2156e-07
477.0, 1.2312e-07
477.2, 1.2471e-07
477.4, 1.2631e-07
477.6, 1.2794e-07
477.8, 1.2958e-07
478.0, 1.3116e-07
478.2, 1.3002e-07
478.4, 1.2888e-07
478.6, 1.2776e-07
478.8, 1.2664e-07
479.0, 1.2554e-07
479.2, 1.2444e-07
479.4, 1.2335e-07
479.6, 1.2227e-07
479.8, 1.2121e-07
480.0, 1.2015e-07
480.2, 1.191e-07
480.4, 1.1806e-07
480.6, 1.1703e-07
480.8, 1.16e-07
481.0, 1.1499e-07
481.2, 1.1399e-07
481.4, 1.1299e-07
481.6, 1.12e-07
481.8, 1.1103e-07
482.0, 1.1006e-07
482.2, 1.0909e-07
482.4, 1.0814e-07
482.6, 1.072e-07
482.8, 1.0626e-07
483.0, 1.0534e-07
483.2, 1.0485e-07
483.4, 1.0436e-07
483.6, 1.0388e-07
483.8, 1.0339e-07
484.0, 1.0291e-07
484.2, 1.0243e-07
484.4, 1.0195e-07
484.6, 1.0148e-07
484.8, 1.01e-07
485.0, 1.0053e-07
485.2, 1.0006e-07
485.4, 9.9595e-08
485.6, 9.9131e-08
485.8, 9.8669e-08
486.0, 9.8208e-08
486.2, 9.775e-08
486.4, 9.7294e-08
486.6, 9.6841e-08
486.8, 9.6389e-08
487.0, 9.5939e-08
487.2, 9.5492e-08
487.4, 9.5046e-08
487.6, 9.4603e-08
487.8, 9.4162e-08
488.0, 9.3739e-08
488.2, 9.3947e-08
488.4, 9.4156e-08
488.6, 9.4366e-08
488.8, 9.4575e-08
489.0, 9.4786e-08
489.2, 9.4996e-08
489.4, 9.5208e-08
489.6, 9.5419e-08
489.8, 9.5631e-08
490.0, 9.5844e-08
490.2, 9.6057e-08
490.4, 9.6271e-08
490.6, 9.6485e-08
490.8, 9.6699e-08
491.0, 9.6914e-08
491.2, 9.713e-08
491.4, 9.7346e-08
491.6, 9.7562e-08
491.8, 9.7779e-08
492.0, 9.7997e-08
492.2, 9.8214e-08
492.4, 9.8433e-08
492.6, 9.8652e-08
492.8, 9.8871e-08
493.0, 9.9076e-08
493.2, 9.8535e-08
493.4, 9.7996e-08
493.6, 9.7461e-08
493.8, 9.6929e-08
494.0, 9.6399e-08
494.2, 9.5873e-08
494.4, 9.5349e-08
494.6, 9.4829e-08
494.8, 9.4311e-08
495.0, 9.3796e-08
495.2, 9.3283e-08
495.4, 9.2774e-08
495.6, 9.2267e-08
495.8, 9.1763e-08
496.0, 9.1262e-08
496.2, 9.0763e-08
496.4, 9.0268e-08
496.6, 8.9775e-08
496.8, 8.9284e-08
497.0, 8.8797e-08
497.2, 8.8312e-08
497.4, 8.7829e-08
497.6, 8.735e-08
497.8, 8.6873e-08
498.0, 8.6402e-08
498.2, 8.6119e-08
498.4, 8.5837e-08
498.6, 8.5556e-08
498.8, 8.5276e-08
499.0, 8.4997e-08
499.2, 8.4719e-08
499.4, 8.4441e-08
499.6, 8.4165e-08
499.8, 8.389e-08
500.0, 8.3615e-08
500.2, 8.3341e-08
500.4, 8.3068e-08
500.6, 8.2796e-08
500.8, 8.2525e-08
501.0, 8.2255e-08
501.2, 8.1986e-08
501.4, 8.1718e-08
501.6, 8.145e-08
501.8, 8.1184e-08
502.0, 8.0918e-08
502.2, 8.0653e-08
502.4, 8.0389e-08
502.6, 8.0126e-08
502.8, 7.9863e-08
503.0, 7.9627e-08
503.2, 8.0646e-08
503.4, 8.1677e-08
503.6, 8.2721e-08
503.8, 8.3779e-08
504.0, 8.485e-08
504.2, 8.5935e-08
504.4, 8.7033e-08
504.6, 8.8146e-08
504.8, 8.9273e-08
505.0, 9.0415e-08
505.2, 9.1571e-08
505.4, 9.2741e-08
505.6, 9.3927e-08
505.8, 9.5128e-08
506.0, 9.6345e-08
506.2, 9.7576e-08
506.4, 9.8824e-08
506.6, 1.0009e-07
506.8, 1.0137e-07
507.0, 1.0266e-07
507.2, 1.0398e-07
507.4, 1.0531e-07
507.6, 1.0665e-07
507.8, 1.0802e-07
508.0, 1.0937e-07
508.2, 1.0968e-07
508.4, 1.1e-07
508.6, 1.1032e-07
508.8, 1.1064e-07
509.0, 1.1096e-07
509.2, 1.1128e-07
509.4, 1.116e-07
509.6, 1.1192e-07
509.8, 1.1224e-07
510.0, 1.1256e-07
510.2, 1.1289e-07
510.4, 1.1322e-07
510.6, 1.1354e-07
510.8, 1.1387e-07
511.0, 1.142e-07
511.2, 1.1453e-07
511.4, 1.1486e-07
511.6, 1.1519e-07
511.8, 1.1552e-07
512.0, 1.1585e-07
512.2, 1.1619e-07
512.4, 1.1652e-07
512.6, 1.1686e-07
512.8, 1.172e-07
513.0, 1.1753e-07
513.2, 1.1787e-07
513.4, 1.1821e-07
513.6, 1.1788e-07
513.8, 1.1708e-07
514.0, 1.1628e-07
514.2, 1.1549e-07
514.4, 1.147e-07
514.6, 1.1392e-07
514.8, 1.1315e-07
515.0, 1.1238e-07
515.2, 1.1161e-07
515.4, 1.1085e-07
515.6, 1.101e-07
515.8, 1.0935e-07
516.0, 1.086e-07
516.2, 1.0786e-07
516.4, 1.0713e-07
516.6, 1.064e-07
516.8, 1.0567e-07
517.0, 1.0495e-07
517.2, 1.0424e-07
517.4, 1.0353e-07
517.6, 1.0283e-07
517.8, 1.0213e-07
518.0, 1.0153e-07
518.2, 1.0297e-07
518.4, 1.0443e-07
518.6, 1.0591e-07
518.8, 1.0741e-07
519.0, 1.0894e-07
519.2, 1.1048e-07
519.4, 1.1205e-07
519.6, 1.1364e-07
519.8, 1.1525e-07
520.0, 1.1689e-07
520.2, 1.1855e-07
520.4, 1.2023e-07
520.6, 1.2193e-07
520.8, 1.2367e-07
521.0, 1.2542e-07
521.2, 1.272e-07
521.4, 1.29e-07
521.6, 1.3084e-07
521.8, 1.0279e-07
522.0, 7.9329e-08
522.2, 6.1225e-08
522.4, 4.7252e-08
522.6, 3.6469e-08
522.8, 2.8146e-08
523.0, 2.1723e-08
523.2, 1.8166e-08
523.4, 1.8086e-08
523.6, 1.8007e-08
523.8, 1.7954e-08
524.0, 1.7907e-08
524.2, 1.7865e-08
524.4, 1.7837e-08
524.6, 2.2003e-08
524.8, 2.8912e-08
525.0, 3.6909e-08
525.2, 4.3309e-08
525.4, 5.0818e-08
525.6, 5.2992e-08
525.8, 4.6234e-08
526.0, 2.9816e-08
526.2, 1.9229e-08
526.4, 1.7504e-08
526.6, 1.7463e-08
526.8, 2.1387e-08
527.0, 4.4976e-08
527.2, 3.6678e-08
527.4, 2.3604e-08
527.6, 1.7208e-08
527.8, 1.7153e-08
528.0, 1.7098e-08
528.2, 4.713e-08
528.4, 9.4902e-08
528.6, 4.3654e-08
528.8, 2.008e-08
529.0, 2.3754e-08
529.2, 3.6677e-08
529.4, 5.0579e-08
529.6, 5.0566e-08
529.8, 3.5832e-08
530.0, 2.3106e-08
530.2, 1.6767e-08
530.4, 1.674e-08
530.6, 1.6713e-08
530.8, 2.9297e-08
531.0, 4.4254e-08
531.2, 2.8506e-08
531.4, 1.8362e-08
531.6, 1.6519e-08
531.8, 1.6467e-08
532.0, 2.2412e-08
532.2, 7.7641e-08
532.4, 5.5064e-08
532.6, 2.692e-08
532.8, 2.0406e-08
533.0, 4.4123e-08
533.2, 9.5405e-08
533.4, 5.8333e-08
533.6, 3.3785e-08
533.8, 3.9595e-08
534.0, 4.6405e-08
534.2, 4.799e-08
534.4, 4.7956e-08
534.6, 5.4258e-08
534.8, 8.6628e-08
535.0, 1.0047e-07
535.2, 1.0677e-07
535.4, 1.2998e-07
535.6, 2.2859e-07
535.8, 4.0201e-07
536.0, 6.154e-07
536.2, 8.9006e-07
536.4, 1.248e-06
536.6, 1.7498e-06
536.8, 2.8225e-06
537.0, 4.7588e-06
537.2, 8.2887e-06
537.4, 1.5539e-05
537.6, 2.6221e-05
537.8, 4.4644e-05
538.0, 8.6553e-05
538.2, 1.7212e-04
538.4, 3.7025e-04
538.6, 0.00128
538.8, 0.00319
539.0, 0.00703
539.2, 0.01817
539.4, 0.0554
539.6, 0.18849
539.8, 0.52398
540.0, 0.80225
540.2, 0.95476
540.4, 0.9434
540.6, 0.93766
540.8, 0.95161
541.0, 0.9681
541.2, 0.97864
541.4, 0.98432
541.6, 0.98656
541.8, 0.98842
542.0, 0.98882
542.2, 0.98745
542.4, 0.98409
542.6, 0.98094
542.8, 0.97828
543.0, 0.97743
543.2, 0.97891
543.4, 0.98161
543.6, 0.98428
543.8, 0.98589
544.0, 0.98744
544.2, 0.98739
544.4, 0.98785
544.6, 0.98805
544.8, 0.98814
545.0, 0.98886
545.2, 0.98981
545.4, 0.99036
545.6, 0.99112
545.8, 0.99163
546.0, 0.99216
546.2, 0.99162
546.4, 0.99047
546.6, 0.98999
546.8, 0.99001
547.0, 0.98941
547.2, 0.98874
547.4, 0.98851
547.6, 0.98871
547.8, 0.98829
548.0, 0.98889
548.2, 0.98793
548.4, 0.98768
548.6, 0.98787
548.8, 0.98706
549.0, 0.98667
549.2, 0.98657
549.4, 0.98663
549.6, 0.98701
549.8, 0.98803
550.0, 0.98792
550.2, 0.98912
550.4, 0.98946
550.6, 0.98979
550.8, 0.99049
551.0, 0.99061
551.2, 0.99063
551.4, 0.99055
551.6, 0.99042
551.8, 0.99042
552.0, 0.99067
552.2, 0.99017
552.4, 0.98977
552.6, 0.98991
552.8, 0.98953
553.0, 0.98901
553.2, 0.98873
553.4, 0.98811
553.6, 0.98747
553.8, 0.98669
554.0, 0.98607
554.2, 0.98543
554.4, 0.9853
554.6, 0.98587
554.8, 0.98584
555.0, 0.98634
555.2, 0.98709
555.4, 0.9873
555.6, 0.98781
555.8, 0.98846
556.0, 0.98835
556.2, 0.98875
556.4, 0.98875
556.6, 0.98835
556.8, 0.98845
557.0, 0.98848
557.2, 0.98887
557.4, 0.98961
557.6, 0.98959
557.8, 0.98922
558.0, 0.99027
558.2, 0.9897
558.4, 0.98972
558.6, 0.98825
558.8, 0.9878
559.0, 0.98677
559.2, 0.98563
559.4, 0.985
559.6, 0.98424
559.8, 0.98435
560.0, 0.9849
560.2, 0.98541
560.4, 0.98605
560.6, 0.98724
560.8, 0.98759
561.0, 0.98779
561.2, 0.98752
561.4, 0.98717
561.6, 0.9864
561.8, 0.9856
562.0, 0.98526
562.2, 0.98522
562.4, 0.98585
562.6, 0.98662
562.8, 0.98754
563.0, 0.98864
563.2, 0.98909
563.4, 0.98903
563.6, 0.98833
563.8, 0.98735
564.0, 0.9857
564.2, 0.98434
564.4, 0.98309
564.6, 0.98313
564.8, 0.98285
565.0, 0.9824
565.2, 0.98191
565.4, 0.98031
565.6, 0.97855
565.8, 0.97638
566.0, 0.9735
566.2, 0.9685
566.4, 0.96028
566.6, 0.94726
566.8, 0.93408
567.0, 0.9306
567.2, 0.94372
567.4, 0.92378
567.6, 0.72484
567.8, 0.38105
568.0, 0.13642
568.2, 0.04781
568.4, 0.01828
568.6, 0.00781
568.8, 0.00376
569.0, 0.00205
569.2, 9.4836e-04
569.4, 3.1648e-04
569.6, 1.6238e-04
569.8, 9.0868e-05
570.0, 5.089e-05
570.2, 2.9316e-05
570.4, 1.811e-05
570.6, 1.0473e-05
570.8, 6.3755e-06
571.0, 4.0299e-06
571.2, 2.6167e-06
571.4, 1.8119e-06
571.6, 1.2546e-06
571.8, 8.3896e-07
572.0, 5.7663e-07
572.2, 4.3301e-07
572.4, 3.2517e-07
572.6, 2.6512e-07
572.8, 2.2109e-07
573.0, 1.9376e-07
573.2, 1.9357e-07
573.4, 1.1977e-07
573.6, 6.4738e-08
573.8, 4.4521e-08
574.0, 5.8714e-08
574.2, 7.743e-08
574.4, 8.9539e-08
574.6, 7.8654e-08
574.8, 3.6162e-08
575.0, 1.6626e-08
575.2, 3.0014e-08
575.4, 8.3448e-08
575.6, 1.6866e-07
575.8, 1.3093e-07
576.0, 1.2892e-07
576.2, 1.3447e-07
576.4, 1.3852e-07
576.6, 1.3849e-07
576.8, 1.3847e-07
577.0, 1.1475e-07
577.2, 8.7739e-08
577.4, 6.2574e-08
577.6, 4.4627e-08
577.8, 3.6526e-08
578.0, 3.1044e-08
578.2, 3.3915e-08
578.4, 7.0665e-08
578.6, 5.8599e-08
578.8, 3.7756e-08
579.0, 3.2122e-08
579.2, 5.5852e-08
579.4, 9.7114e-08
579.6, 3.77e-08
579.8, 1.3818e-08
580.0, 1.3822e-08
580.2, 1.3826e-08
580.4, 2.8047e-08
580.6, 7.0276e-08
580.8, 1.1823e-07
581.0, 6.4014e-08
581.2, 3.6349e-08
581.4, 2.0936e-08
581.6, 1.496e-08
581.8, 1.9748e-08
582.0, 2.6069e-08
582.2, 5.7481e-08
582.4, 8.6778e-08
582.6, 3.7815e-08
582.8, 1.6478e-08
583.0, 2.4695e-08
583.2, 5.0397e-08
583.4, 7.9328e-08
583.6, 6.7873e-08
583.8, 6.2011e-08
584.0, 5.6656e-08
584.2, 3.6073e-08
584.4, 2.0743e-08
584.6, 1.4952e-08
584.8, 1.9851e-08
585.0, 2.6357e-08
585.2, 3.4993e-08
585.4, 4.646e-08
585.6, 6.1685e-08
585.8, 8.1898e-08
586.0, 1.0874e-07
586.2, 1.2034e-07
586.4, 1.1704e-07
586.6, 1.1383e-07
586.8, 1.1071e-07
587.0, 1.0768e-07
587.2, 1.0472e-07
587.4, 1.0185e-07
587.6, 9.9063e-08
587.8, 9.6348e-08
588.0, 9.3707e-08
588.2, 9.1139e-08
588.4, 8.8641e-08
588.6, 8.6212e-08
588.8, 8.3849e-08
589.0, 8.1551e-08
589.2, 7.9316e-08
589.4, 7.7142e-08
589.6, 7.5083e-08
589.8, 7.4864e-08
590.0, 7.4645e-08
590.2, 7.4427e-08
590.4, 7.421e-08
590.6, 7.3993e-08
590.8, 7.3777e-08
591.0, 7.3561e-08
591.2, 7.3347e-08
591.4, 7.3132e-08
591.6, 7.2919e-08
591.8, 7.2706e-08
592.0, 7.2493e-08
592.2, 7.2282e-08
592.4, 7.207e-08
592.6, 7.186e-08
592.8, 7.165e-08
593.0, 7.1441e-08
593.2, 7.1232e-08
593.4, 7.1024e-08
593.6, 7.0816e-08
593.8, 7.0609e-08
594.0, 7.0403e-08
594.2, 7.0197e-08
594.4, 6.9992e-08
594.6, 6.946e-08
594.8, 6.865e-08
595.0, 6.7849e-08
595.2, 6.7058e-08
595.4, 6.6275e-08
595.6, 6.5502e-08
595.8, 6.4738e-08
596.0, 6.3983e-08
596.2, 6.3237e-08
596.4, 6.2499e-08
596.6, 6.177e-08
596.8, 6.105e-08
597.0, 6.0338e-08
597.2, 5.9634e-08
597.4, 5.8938e-08
597.6, 5.8251e-08
597.8, 5.7571e-08
598.0, 5.69e-08
598.2, 5.6236e-08
598.4, 5.558e-08
598.6, 5.4932e-08
598.8, 5.4291e-08
599.0, 5.3658e-08
599.2, 5.3032e-08
599.4, 5.24e-08
599.6, 5.1463e-08
599.8, 5.0543e-08
600.0, 4.9639e-08
600.2, 4.8752e-08
600.4, 4.788e-08
600.6, 4.7024e-08
600.8, 4.6183e-08
601.0, 4.5357e-08
601.2, 4.4546e-08
601.4, 4.3749e-08
601.6, 4.2967e-08
601.8, 4.2198e-08
602.0, 4.1444e-08
602.2, 4.0703e-08
602.4, 3.9975e-08
602.6, 3.926e-08
602.8, 3.8558e-08
603.0, 3.7868e-08
603.2, 3.7191e-08
603.4, 3.6526e-08
603.6, 3.5873e-08
603.8, 3.5231e-08
604.0, 3.4601e-08
604.2, 3.3983e-08
604.4, 3.3602e-08
604.6, 3.3423e-08
604.8, 3.3244e-08
605.0, 3.3066e-08
605.2, 3.289e-08
605.4, 3.2714e-08
605.6, 3.2539e-08
605.8, 3.2365e-08
606.0, 3.2192e-08
606.2, 3.202e-08
606.4, 3.1849e-08
606.6, 3.1679e-08
606.8, 3.151e-08
607.0, 3.1341e-08
607.2, 3.1174e-08
607.4, 3.1007e-08
607.6, 3.0842e-08
607.8, 3.0677e-08
608.0, 3.0513e-08
608.2, 3.035e-08
608.4, 3.0188e-08
608.6, 3.0026e-08
608.8, 2.9866e-08
609.0, 2.9706e-08
609.2, 2.9542e-08
609.4, 2.9229e-08
609.6, 2.8919e-08
609.8, 2.8612e-08
610.0, 2.8309e-08
610.2, 2.8008e-08
610.4, 2.7711e-08
610.6, 2.7418e-08
610.8, 2.7127e-08
611.0, 2.6839e-08
611.2, 2.6554e-08
611.4, 2.6273e-08
611.6, 2.5994e-08
611.8, 2.5719e-08
612.0, 2.5446e-08
612.2, 2.5176e-08
612.4, 2.4909e-08
612.6, 2.4645e-08
612.8, 2.4384e-08
613.0, 2.4125e-08
613.2, 2.3869e-08
613.4, 2.3616e-08
613.6, 2.3366e-08
613.8, 2.3118e-08
614.0, 2.2873e-08
614.2, 2.297e-08
614.4, 2.3382e-08
614.6, 2.38e-08
614.8, 2.4227e-08
615.0, 2.466e-08
615.2, 2.5102e-08
615.4, 2.5552e-08
615.6, 2.6009e-08
615.8, 2.6475e-08
616.0, 2.6949e-08
616.2, 2.7432e-08
616.4, 2.7923e-08
616.6, 2.8423e-08
616.8, 2.8932e-08
617.0, 2.945e-08
617.2, 2.9978e-08
617.4, 3.0514e-08
617.6, 3.1061e-08
617.8, 3.1617e-08
618.0, 3.2183e-08
618.2, 3.276e-08
618.4, 3.3347e-08
618.6, 3.3944e-08
618.8, 3.4552e-08
619.0, 3.5155e-08
619.2, 3.4738e-08
619.4, 3.4326e-08
619.6, 3.3918e-08
619.8, 3.3516e-08
620.0, 3.3118e-08
620.2, 3.2725e-08
620.4, 3.2337e-08
620.6, 3.1954e-08
620.8, 3.1574e-08
621.0, 3.12e-08
621.2, 3.083e-08
621.4, 3.0464e-08
621.6, 3.0103e-08
621.8, 2.9745e-08
622.0, 2.9393e-08
622.2, 2.9044e-08
622.4, 2.8699e-08
622.6, 2.8359e-08
622.8, 2.8022e-08
623.0, 2.769e-08
623.2, 2.7361e-08
623.4, 2.7037e-08
623.6, 2.6716e-08
623.8, 2.6399e-08
624.0, 2.607e-08
624.2, 2.573e-08
624.4, 2.5395e-08
624.6, 2.5064e-08
624.8, 2.4737e-08
625.0, 2.4415e-08
625.2, 2.4097e-08
625.4, 2.3783e-08
625.6, 2.3473e-08
625.8, 2.3167e-08
626.0, 2.2866e-08
626.2, 2.2568e-08
626.4, 2.2274e-08
626.6, 2.1984e-08
626.8, 2.1697e-08
627.0, 2.1414e-08
627.2, 2.1135e-08
627.4, 2.086e-08
627.6, 2.0588e-08
627.8, 2.032e-08
628.0, 2.0055e-08
628.2, 1.9794e-08
628.4, 1.9536e-08
628.6, 1.9282e-08
628.8, 1.9037e-08
629.0, 1.8936e-08
629.2, 1.8835e-08
629.4, 1.8735e-08
629.6, 1.8635e-08
629.8, 1.8536e-08
630.0, 1.8437e-08
630.2, 1.8339e-08
630.4, 1.8241e-08
630.6, 1.8144e-08
630.8, 1.8047e-08
631.0, 1.7951e-08
631.2, 1.7856e-08
631.4, 1.7761e-08
631.6, 1.7666e-08
631.8, 1.7572e-08
632.0, 1.7478e-08
632.2, 1.7385e-08
632.4, 1.7293e-08
632.6, 1.7201e-08
632.8, 1.7109e-08
633.0, 1.7018e-08
633.2, 1.6927e-08
633.4, 1.6837e-08
633.6, 1.6748e-08
633.8, 1.6937e-08
634.0, 1.7371e-08
634.2, 1.7816e-08
634.4, 1.8273e-08
634.6, 1.8742e-08
634.8, 1.9222e-08
635.0, 1.9715e-08
635.2, 2.022e-08
635.4, 2.0739e-08
635.6, 2.1271e-08
635.8, 2.1816e-08
636.0, 2.2375e-08
636.2, 2.2949e-08
636.4, 2.3538e-08
636.6, 2.4141e-08
636.8, 2.476e-08
637.0, 2.5395e-08
637.2, 2.6046e-08
637.4, 2.6714e-08
637.6, 2.7399e-08
637.8, 2.8101e-08
638.0, 2.8822e-08
638.2, 2.9561e-08
638.4, 3.0319e-08
638.6, 3.216e-08
638.8, 3.442e-08
639.0, 3.6839e-08
639.2, 3.9427e-08
639.4, 4.2198e-08
639.6, 4.5163e-08
639.8, 4.8337e-08
640.0, 5.1733e-08
640.2, 5.5369e-08
640.4, 5.9259e-08
640.6, 6.3423e-08
640.8, 6.788e-08
641.0, 7.265e-08
641.2, 7.7755e-08
641.4, 8.3219e-08
641.6, 8.9067e-08
641.8, 9.5325e-08
642.0, 1.0e-07
642.2, 1.0e-07
642.4, 1.0e-07
642.6, 1.0e-07
642.8, 1.0e-07
643.0, 1.0e-07
643.2, 1.0e-07
643.4, 1.0e-07
643.6, 1.0e-07
643.8, 1.0e-07
644.0, 1.0e-07
644.2, 1.0e-07
644.4, 1.0e-07
644.6, 1.0e-07
644.8, 1.0e-07
645.0, 1.0e-07
645.2, 1.0e-07
645.4, 1.013e-07
645.6, 1.0366e-07
645.8, 1.0607e-07
646.0, 1.0854e-07
646.2, 1.1107e-07
646.4, 1.1366e-07
646.6, 1.1631e-07
646.8, 1.1902e-07
647.0, 1.2179e-07
647.2, 1.2463e-07
647.4, 1.2753e-07
647.6, 1.305e-07
647.8, 1.3354e-07
648.0, 1.3665e-07
648.2, 1.3984e-07
648.4, 1.4089e-07
648.6, 1.4146e-07
648.8, 1.4204e-07
649.0, 1.4262e-07
649.2, 1.4321e-07
649.4, 1.4379e-07
649.6, 1.4438e-07
649.8, 1.4497e-07
650.0, 1.4556e-07
650.2, 1.4581e-07
650.4, 1.4589e-07
650.6, 1.4597e-07
650.8, 1.4604e-07
651.0, 1.4612e-07
651.2, 1.462e-07
651.4, 1.4627e-07
651.6, 1.4635e-07
651.8, 1.4643e-07
652.0, 1.435e-07
652.2, 1.3796e-07
652.4, 1.3264e-07
652.6, 1.2752e-07
652.8, 1.226e-07
653.0, 1.1787e-07
653.2, 1.1332e-07
653.4, 1.0894e-07
653.6, 1.0474e-07
653.8, 1.0138e-07
654.0, 9.923e-08
654.2, 9.7127e-08
654.4, 9.5069e-08
654.6, 9.3054e-08
654.8, 9.1082e-08
655.0, 8.9152e-08
655.2, 8.7263e-08
655.4, 8.5414e-08
655.6, 8.424e-08
655.8, 8.5216e-08
656.0, 8.6204e-08
656.2, 8.7203e-08
656.4, 8.8213e-08
656.6, 8.9236e-08
656.8, 9.027e-08
657.0, 9.1316e-08
657.2, 9.2374e-08
657.4, 9.3604e-08
657.6, 9.6501e-08
657.8, 9.9487e-08
658.0, 1.0257e-07
658.2, 1.0574e-07
658.4, 1.0901e-07
658.6, 1.1238e-07
658.8, 1.1586e-07
659.0, 1.1945e-07
659.2, 1.2314e-07
659.4, 1.1951e-07
659.6, 1.1565e-07
659.8, 1.1192e-07
660.0, 1.0831e-07
660.2, 1.0481e-07
660.4, 1.0143e-07
660.6, 9.8155e-08
660.8, 9.4987e-08
661.0, 9.1921e-08
661.2, 8.4157e-08
661.4, 7.6116e-08
661.6, 6.8844e-08
661.8, 6.2266e-08
662.0, 5.6317e-08
662.2, 5.0936e-08
662.4, 4.607e-08
662.6, 4.1668e-08
662.8, 3.7687e-08
663.0, 3.8955e-08
663.2, 4.2814e-08
663.4, 4.7056e-08
663.6, 5.1718e-08
663.8, 5.6843e-08
664.0, 6.2475e-08
664.2, 6.8665e-08
664.4, 7.5468e-08
664.6, 8.2945e-08
664.8, 8.6582e-08
665.0, 8.6719e-08
665.2, 8.6856e-08
665.4, 8.6993e-08
665.6, 8.7131e-08
665.8, 8.7268e-08
666.0, 8.7406e-08
666.2, 8.7544e-08
666.4, 8.7682e-08
666.6, 8.5856e-08
666.8, 8.1584e-08
667.0, 7.7524e-08
667.2, 7.3666e-08
667.4, 7.0e-08
667.6, 6.6517e-08
667.8, 6.3206e-08
668.0, 6.0061e-08
668.2, 5.7072e-08
668.4, 5.4501e-08
668.6, 5.2636e-08
668.8, 5.0834e-08
669.0, 4.9094e-08
669.2, 4.7413e-08
669.4, 4.579e-08
669.6, 4.4223e-08
669.8, 4.2709e-08
670.0, 4.1247e-08
670.2, 4.0625e-08
670.4, 4.3753e-08
670.6, 4.7122e-08
670.8, 5.075e-08
671.0, 5.4657e-08
671.2, 5.8866e-08
671.4, 6.3398e-08
671.6, 6.8279e-08
671.8, 7.3536e-08
672.0, 7.854e-08
672.2, 7.3607e-08
672.4, 6.8983e-08
672.6, 6.465e-08
672.8, 6.0589e-08
673.0, 5.6783e-08
673.2, 4.3043e-08
673.4, 3.2627e-08
673.6, 2.4732e-08
673.8, 1.8748e-08
674.0, 1.7277e-08
674.2, 1.9067e-08
674.4, 2.1042e-08
674.6, 2.3222e-08
674.8, 2.5628e-08
675.0, 2.8284e-08
675.2, 3.1214e-08
675.4, 3.4448e-08
675.6, 3.8017e-08
675.8, 4.1956e-08
676.0, 4.6303e-08
676.2, 5.1101e-08
676.4, 5.6395e-08
676.6, 6.2238e-08
676.8, 6.8687e-08
677.0, 7.5803e-08
677.2, 8.3657e-08
677.4, 9.2325e-08
677.6, 1.0e-07
677.8, 1.0e-07
678.0, 1.0e-07
678.2, 1.0e-07
678.4, 1.0e-07
678.6, 1.0e-07
678.8, 1.0e-07
679.0, 1.0e-07
679.2, 1.0e-07
679.4, 1.0e-07
679.6, 1.0e-07
679.8, 1.0e-07
680.0, 1.0e-07
680.2, 1.0e-07
680.4, 1.0e-07
680.6, 1.0e-07
680.8, 1.0e-07
681.0, 1.0e-07
681.2, 1.0e-07
681.4, 1.0e-07
681.6, 1.0e-07
681.8, 1.0e-07
682.0, 1.0e-07
682.2, 1.0e-07
682.4, 1.0e-07
682.6, 1.0e-07
682.8, 1.0e-07
683.0, 1.0e-07
683.2, 1.0e-07
683.4, 1.0e-07
683.6, 1.0e-07
683.8, 1.0e-07
684.0, 1.0e-07
684.2, 1.0e-07
684.4, 1.0e-07
684.6, 1.0e-07
684.8, 1.0e-07
685.0, 1.0e-07
685.2, 1.0e-07
685.4, 1.0e-07
685.6, 1.0e-07
685.8, 1.0e-07
686.0, 1.0e-07
686.2, 1.0e-07
686.4, 1.0e-07
686.6, 1.0e-07
686.8, 1.0e-07
687.0, 1.0e-07
687.2, 1.0e-07
687.4, 1.0e-07
687.6, 1.0e-07
687.8, 1.0e-07
688.0, 1.0e-07
688.2, 1.0e-07
688.4, 1.0e-07
688.6, 1.0e-07
688.8, 1.0e-07
689.0, 1.0e-07
689.2, 1.0e-07
689.4, 1.0e-07
689.6, 1.0e-07
689.8, 1.0e-07
690.0, 1.0e-07
690.2, 1.0e-07
690.4, 1.0e-07
690.6, 1.0e-07
690.8, 1.0e-07
691.0, 1.0e-07
691.2, 1.0e-07
691.4, 1.0e-07
691.6, 1.0e-07
691.8, 1.0e-07
692.0, 1.0e-07
692.2, 1.0e-07
692.4, 1.0e-07
692.6, 1.0e-07
692.8, 1.0e-07
693.0, 1.0e-07
693.2, 1.0e-07
693.4, 1.0e-07
693.6, 1.0e-07
693.8, 1.0e-07
694.0, 1.0e-07
694.2, 1.0e-07
694.4, 1.0e-07
694.6, 1.0e-07
694.8, 1.0e-07
695.0, 1.0e-07
695.2, 1.0e-07
695.4, 1.0e-07
695.6, 1.0e-07
695.8, 1.0e-07
696.0, 1.0e-07
696.2, 1.0e-07
696.4, 1.0e-07
696.6, 1.0e-07
696.8, 1.0e-07
697.0, 1.0e-07
697.2, 1.0e-07
697.4, 1.0e-07
697.6, 1.0e-07
697.8, 1.0e-07
698.0, 1.0e-07
698.2, 1.0e-07
698.4, 1.0e-07
698.6, 1.0e-07
698.8, 1.0e-07
699.0, 1.0e-07
699.2, 1.0e-07
699.4, 1.0e-07
699.6, 1.0e-07
699.8, 1.0e-07
700.0, 1.0e-07
700.2, 1.0e-07
700.4, 1.0e-07
700.6, 1.0e-07
700.8, 1.0e-07
701.0, 1.0e-07
701.2, 1.0e-07
701.4, 1.0e-07
701.6, 1.0e-07
701.8, 1.0e-07
702.0, 1.0e-07
702.2, 1.0e-07
702.4, 1.0e-07
702.6, 1.0e-07
702.8, 1.0e-07
703.0, 1.0e-07
703.2, 1.0e-07
703.4, 1.0e-07
703.6, 1.0e-07
703.8, 1.0e-07
704.0, 1.0e-07
704.2, 1.0e-07
704.4, 1.0e-07
704.6, 1.0e-07
704.8, 1.0e-07
705.0, 1.0e-07
705.2, 1.0e-07
705.4, 1.0e-07
705.6, 1.0e-07
705.8, 1.0e-07
706.0, 1.0e-07
706.2, 1.0e-07
706.4, 1.0e-07
706.6, 1.0e-07
706.8, 1.0e-07
707.0, 1.0e-07
707.2, 1.0e-07
707.4, 1.0e-07
707.6, 1.0e-07
707.8, 1.0e-07
708.0, 1.0e-07
708.2, 1.0e-07
708.4, 1.0e-07
708.6, 1.0e-07
708.8, 1.0e-07
709.0, 1.0e-07
709.2, 1.0e-07
709.4, 1.0e-07
709.6, 1.0e-07
709.8, 1.0e-07
710.0, 1.0e-07
710.2, 1.0e-07
710.4, 1.0e-07
710.6, 1.0e-07
710.8, 1.0e-07
711.0, 1.0e-07
711.2, 1.0e-07
711.4, 1.0e-07
711.6, 1.0e-07
711.8, 1.0e-07
712.0, 1.0e-07
712.2, 1.0e-07
712.4, 1.0e-07
712.6, 1.0e-07
712.8, 1.0e-07
713.0, 1.0e-07
713.2, 1.0e-07
713.4, 1.0e-07
713.6, 1.0e-07
713.8, 1.0e-07
714.0, 1.0e-07
714.2, 1.0e-07
714.4, 1.0e-07
714.6, 1.0e-07
714.8, 1.0e-07
715.0, 1.0e-07
715.2, 1.0e-07
715.4, 1.0e-07
715.6, 1.0e-07
715.8, 1.0e-07
716.0, 1.0e-07
716.2, 1.0e-07
716.4, 1.0e-07
716.6, 1.0e-07
716.8, 1.0e-07
717.0, 1.0e-07
717.2, 1.0e-07
717.4, 1.0e-07
717.6, 1.0e-07
717.8, 1.0e-07
718.0, 1.0e-07
718.2, 1.0e-07
718.4, 1.0e-07
718.6, 1.0e-07
718.8, 1.0e-07
719.0, 1.0e-07
719.2, 1.0e-07
719.4, 1.0e-07
719.6, 1.0e-07
719.8, 1.0e-07
720.0, 1.0e-07
720.2, 1.0e-07
720.4, 1.0e-07
720.6, 1.0e-07
720.8, 1.0e-07
721.0, 1.0e-07
721.2, 1.0e-07
721.4, 1.0e-07
721.6, 1.0e-07
721.8, 1.0e-07
722.0, 1.0e-07
722.2, 1.0e-07
722.4, 1.0e-07
722.6, 1.0e-07
722.8, 1.0e-07
723.0, 1.0e-07
723.2, 1.0e-07
723.4, 1.0e-07
723.6, 1.0e-07
723.8, 1.0e-07
724.0, 1.0e-07
724.2, 1.0e-07
724.4, 1.0e-07
724.6, 1.0e-07
724.8, 1.0e-07
725.0, 1.0e-07
725.2, 1.0e-07
725.4, 1.0e-07
725.6, 1.0e-07
725.8, 1.0e-07
726.0, 1.0e-07
726.2, 1.0e-07
726.4, 1.0e-07
726.6, 1.0e-07
726.8, 1.0e-07
727.0, 1.0e-07
727.2, 1.0e-07
727.4, 1.0e-07
727.6, 1.0e-07
727.8, 1.0e-07
728.0, 1.0e-07
728.2, 1.0e-07
728.4, 1.0e-07
728.6, 1.0e-07
728.8, 1.0e-07
729.0, 1.0e-07
729.2, 1.0e-07
729.4, 1.0e-07
729.6, 1.0e-07
729.8, 1.0e-07
730.0, 1.0e-07
730.2, 1.0e-07
730.4, 1.0e-07
730.6, 1.0e-07
730.8, 1.0e-07
731.0, 1.0e-07
731.2, 1.0e-07
731.4, 1.0e-07
731.6, 1.0e-07
731.8, 1.0e-07
732.0, 1.0e-07
732.2, 1.0e-07
732.4, 1.0e-07
732.6, 1.0e-07
732.8, 1.0e-07
733.0, 1.0e-07
733.2, 1.0e-07
733.4, 1.0e-07
733.6, 1.0e-07
733.8, 1.0e-07
734.0, 1.0e-07
734.2, 1.0e-07
734.4, 1.0e-07
734.6, 1.0e-07
734.8, 1.0e-07
735.0, 1.0e-07
735.2, 1.0e-07
735.4, 1.0e-07
735.6, 1.0e-07
735.8, 1.0e-07
736.0, 1.0e-07
736.2, 1.0e-07
736.4, 1.0e-07
736.6, 1.0e-07
736.8, 1.0e-07
737.0, 1.0e-07
737.2, 1.0e-07
737.4, 1.0e-07
737.6, 1.0e-07
737.8, 1.0e-07
738.0, 1.0e-07
738.2, 1.0e-07
738.4, 1.0e-07
738.6, 1.0e-07
738.8, 1.0e-07
739.0, 1.0e-07
739.2, 1.0e-07
739.4, 1.0e-07
739.6, 1.0e-07
739.8, 1.0e-07
740.0, 1.0e-07
740.2, 1.0e-07
740.4, 1.0e-07
740.6, 1.0e-07
740.8, 1.0e-07
741.0, 1.0e-07
741.2, 1.0e-07
741.4, 1.0e-07
741.6, 1.0e-07
741.8, 1.0e-07
742.0, 1.0e-07
742.2, 1.0e-07
742.4, 1.0e-07
742.6, 1.0e-07
742.8, 1.0e-07
743.0, 1.0e-07
743.2, 1.0e-07
743.4, 1.0e-07
743.6, 1.0e-07
743.8, 1.0e-07
744.0, 1.0e-07
744.2, 1.0e-07
744.4, 1.0e-07
744.6, 1.0e-07
744.8, 1.0e-07
745.0, 1.0e-07
745.2, 1.0e-07
745.4, 1.0e-07
745.6, 1.0e-07
745.8, 1.0e-07
746.0, 1.0e-07
746.2, 1.0e-07
746.4, 1.0e-07
746.6, 1.0e-07
746.8, 1.0e-07
747.0, 1.0e-07
747.2, 1.0e-07
747.4, 1.0e-07
747.6, 1.0e-07
747.8, 1.0e-07
748.0, 1.0e-07
748.2, 1.0e-07
748.4, 1.0e-07
748.6, 1.0e-07
748.8, 1.0e-07
749.0, 1.0e-07
749.2, 1.0e-07
749.4, 1.0e-07
749.6, 1.0e-07
749.8, 1.0e-07
750.0, 1.0e-07
750.2, 1.0e-07
750.4, 1.0e-07
750.6, 1.0e-07
750.8, 1.0e-07
751.0, 1.0e-07
751.2, 1.0e-07
751.4, 1.0e-07
751.6, 1.0e-07
751.8, 1.0e-07
752.0, 1.0e-07
752.2, 1.0e-07
752.4, 1.0e-07
752.6, 1.0e-07
752.8, 1.0e-07
753.0, 1.0e-07
753.2, 1.0e-07
753.4, 1.0e-07
753.6, 1.0e-07
753.8, 1.0e-07
754.0, 1.0e-07
754.2, 1.0e-07
754.4, 1.0e-07
754.6, 1.0e-07
754.8, 1.0e-07
755.0, 1.0e-07
755.2, 1.0e-07
755.4, 1.0e-07
755.6, 1.0e-07
755.8, 1.0e-07
756.0, 1.0e-07
756.2, 1.0e-07
756.4, 1.0e-07
756.6, 1.0e-07
756.8, 1.0e-07
757.0, 1.0e-07
757.2, 1.0e-07
757.4, 1.0e-07
757.6, 1.0e-07
757.8, 1.0e-07
758.0, 1.0e-07
758.2, 1.0e-07
758.4, 1.0e-07
758.6, 1.0e-07
758.8, 1.0e-07
759.0, 1.0e-07
759.2, 1.0e-07
759.4, 1.0e-07
759.6, 1.0e-07
759.8, 1.0e-07
760.0, 1.0e-07
760.2, 1.0e-07
760.4, 1.0e-07
760.6, 1.0e-07
760.8, 1.0e-07
761.0, 1.0e-07
761.2, 1.0e-07
761.4, 1.0e-07
761.6, 1.0e-07
761.8, 1.0e-07
762.0, 1.0e-07
762.2, 1.0e-07
762.4, 1.0e-07
762.6, 1.0e-07
762.8, 1.0e-07
763.0, 1.0e-07
763.2, 1.0e-07
763.4, 1.0e-07
763.6, 1.0e-07
763.8, 1.0e-07
764.0, 1.0e-07
764.2, 1.0e-07
764.4, 1.0e-07
764.6, 1.0e-07
764.8, 1.0e-07
765.0, 1.0e-07
765.2, 1.0e-07
765.4, 1.0e-07
765.6, 1.0e-07
765.8, 1.0e-07
766.0, 1.0e-07
766.2, 1.0e-07
766.4, 1.0e-07
766.6, 1.0e-07
766.8, 1.0e-07
767.0, 1.0e-07
767.2, 1.0e-07
767.4, 1.0e-07
767.6, 1.0e-07
767.8, 1.0e-07
768.0, 1.0e-07
768.2, 1.0e-07
768.4, 1.0e-07
768.6, 1.0e-07
768.8, 1.0e-07
769.0, 1.0e-07
769.2, 1.0e-07
769.4, 1.0e-07
769.6, 1.0e-07
769.8, 1.0e-07
770.0, 1.0e-07
770.2, 1.0e-07
770.4, 1.0e-07
770.6, 1.0e-07
770.8, 1.0e-07
771.0, 1.0e-07
771.2, 1.0e-07
771.4, 1.0e-07
771.6, 1.0e-07
771.8, 1.0e-07
772.0, 1.0e-07
772.2, 1.0e-07
772.4, 1.0e-07
772.6, 1.0e-07
772.8, 1.0e-07
773.0, 1.0e-07
773.2, 1.0e-07
773.4, 1.0e-07
773.6, 1.0e-07
773.8, 1.0e-07
774.0, 1.0e-07
774.2, 1.0e-07
774.4, 1.0e-07
774.6, 1.0e-07
774.8, 1.0e-07
775.0, 1.0e-07
775.2, 1.0e-07
775.4, 1.0e-07
775.6, 1.0e-07
775.8, 1.0e-07
776.0, 1.0e-07
776.2, 1.0e-07
776.4, 1.0e-07
776.6, 1.0e-07
776.8, 1.0e-07
777.0, 1.0e-07
777.2, 1.0e-07
777.4, 1.0e-07
777.6, 1.0e-07
777.8, 1.0e-07
778.0, 1.0e-07
778.2, 1.0e-07
778.4, 1.0e-07
778.6, 1.0e-07
778.8, 1.0e-07
779.0, 1.0e-07
779.2, 1.0e-07
779.4, 1.0e-07
779.6, 1.0e-07
779.8, 1.0e-07
780.0, 1.0e-07
780.2, 1.0e-07
780.4, 1.0e-07
780.6, 1.0e-07
780.8, 1.0e-07
781.0, 1.0e-07
781.2, 1.0e-07
781.4, 1.0e-07
781.6, 1.0e-07
781.8, 1.0e-07
782.0, 1.0e-07
782.2, 1.0e-07
782.4, 1.0e-07
782.6, 1.0e-07
782.8, 1.0e-07
783.0, 1.0e-07
783.2, 1.0e-07
783.4, 1.0e-07
783.6, 1.0e-07
783.8, 1.0e-07
784.0, 1.0e-07
784.2, 1.0e-07
784.4, 1.0e-07
784.6, 1.0e-07
784.8, 1.0e-07
785.0, 1.0e-07
785.2, 1.0e-07
785.4, 1.0e-07
785.6, 1.0e-07
785.8, 1.0e-07
786.0, 1.0e-07
786.2, 1.0e-07
786.4, 1.0e-07
786.6, 1.0e-07
786.8, 1.0e-07
787.0, 1.0e-07
787.2, 1.0e-07
787.4, 1.0e-07
787.6, 1.0e-07
787.8, 1.0e-07
788.0, 1.0e-07
788.2, 1.0e-07
788.4, 1.0e-07
788.6, 1.0e-07
788.8, 1.0e-07
789.0, 1.0e-07
789.2, 1.0e-07
789.4, 1.0e-07
789.6, 1.0e-07
789.8, 1.0e-07
790.0, 1.0e-07
790.2, 1.0e-07
790.4, 1.0e-07
790.6, 1.0e-07
790.8, 1.0e-07
791.0, 1.0e-07
791.2, 1.0e-07
791.4, 1.0e-07
791.6, 1.0e-07
791.8, 1.0e-07
792.0, 1.0e-07
792.2, 1.0e-07
792.4, 1.0e-07
792.6, 1.0e-07
792.8, 1.0e-07
793.0, 1.0e-07
793.2, 1.0e-07
793.4, 1.0e-07
793.6, 1.0e-07
793.8, 1.0e-07
794.0, 1.0e-07
794.2, 1.0e-07
794.4, 1.0e-07
794.6, 1.0e-07
794.8, 1.0e-07
795.0, 1.0e-07
795.2, 1.0e-07
795.4, 1.0e-07
795.6, 1.0e-07
795.8, 1.0e-07
796.0, 1.0e-07
796.2, 1.0e-07
796.4, 1.0e-07
796.6, 1.0e-07
796.8, 1.0e-07
797.0, 1.0e-07
797.2, 1.0e-07
797.4, 1.0e-07
797.6, 1.0e-07
797.8, 1.0e-07
798.0, 1.0e-07
798.2, 1.0e-07
798.4, 1.0e-07
798.6, 1.0e-07
798.8, 1.0e-07
799.0, 1.0e-07
799.2, 1.0e-07
799.4, 1.0e-07
799.6, 1.0e-07
799.8, 1.0e-07
800.0, 1.0e-07
800.2, 1.0e-07
800.4, 1.0e-07
800.6, 1.0e-07
800.8, 1.0e-07
801.0, 1.0e-07
801.2, 1.0e-07
801.4, 1.0e-07
801.6, 1.0e-07
801.8, 1.0e-07
802.0, 1.0e-07
802.2, 1.0e-07
802.4, 1.0e-07
802.6, 1.0e-07
802.8, 1.0e-07
803.0, 1.0e-07
803.2, 1.0e-07
803.4, 1.0e-07
803.6, 1.0e-07
803.8, 1.0e-07
804.0, 1.0e-07
804.2, 1.0e-07
804.4, 1.0e-07
804.6, 1.0e-07
804.8, 1.0e-07
805.0, 1.0e-07
805.2, 1.0e-07
805.4, 1.0e-07
805.6, 1.0e-07
805.8, 1.0e-07
806.0, 1.0e-07
806.2, 1.0e-07
806.4, 1.0e-07
806.6, 1.0e-07
806.8, 1.0e-07
807.0, 1.0e-07
807.2, 1.0e-07
807.4, 1.0e-07
807.6, 1.0e-07
807.8, 1.0e-07
808.0, 1.0e-07
808.2, 1.0e-07
808.4, 1.0e-07
808.6, 1.0e-07
808.8, 1.0e-07
809.0, 1.0e-07
809.2, 1.0e-07
809.4, 1.0e-07
809.6, 1.0e-07
809.8, 1.0e-07
810.0, 1.0e-07
810.2, 1.0e-07
810.4, 1.0e-07
810.6, 1.0e-07
810.8, 1.0e-07
811.0, 1.0e-07
811.2, 1.0e-07
811.4, 1.0e-07
811.6, 1.0e-07
811.8, 1.0e-07
812.0, 1.0e-07
812.2, 1.0e-07
812.4, 1.0e-07
812.6, 1.0e-07
812.8, 1.0e-07
813.0, 1.0e-07
813.2, 1.0e-07
813.4, 1.0e-07
813.6, 1.0e-07
813.8, 1.0e-07
814.0, 1.0e-07
814.2, 1.0e-07
814.4, 1.0e-07
814.6, 1.0e-07
814.8, 1.0e-07
815.0, 1.0e-07
815.2, 1.0e-07
815.4, 1.0e-07
815.6, 1.0e-07
815.8, 1.0e-07
816.0, 1.0e-07
816.2, 1.0e-07
816.4, 1.0e-07
816.6, 1.0e-07
816.8, 1.0e-07
817.0, 1.0e-07
817.2, 1.0e-07
817.4, 1.0e-07
817.6, 1.0e-07
817.8, 1.0e-07
818.0, 1.0e-07
818.2, 1.0e-07
818.4, 1.0e-07
818.6, 1.0e-07
818.8, 1.0e-07
819.0, 1.0e-07
819.2, 1.0e-07
819.4, 1.0e-07
819.6, 1.0e-07
819.8, 1.0e-07
820.0, 1.0e-07
820.2, 1.0e-07
820.4, 1.0e-07
820.6, 1.0e-07
820.8, 1.0e-07
821.0, 1.0e-07
821.2, 1.0e-07
821.4, 1.0e-07
821.6, 1.0e-07
821.8, 1.0e-07
822.0, 1.0e-07
822.2, 1.0e-07
822.4, 1.0e-07
822.6, 1.0e-07
822.8, 1.0e-07
823.0, 1.0e-07
823.2, 1.0e-07
823.4, 1.0e-07
823.6, 1.0e-07
823.8, 1.0e-07
824.0, 1.0e-07
824.2, 1.0e-07
824.4, 1.0e-07
824.6, 1.0e-07
824.8, 1.0e-07
825.0, 1.0e-07
825.2, 1.0e-07
825.4, 1.0e-07
825.6, 1.0e-07
825.8, 1.0e-07
826.0, 1.0e-07
826.2, 1.0e-07
826.4, 1.0e-07
826.6, 1.0e-07
826.8, 1.0e-07
827.0, 1.0e-07
827.2, 1.0e-07
827.4, 1.0e-07
827.6, 1.0e-07
827.8, 1.0e-07
828.0, 1.0e-07
828.2, 1.0e-07
828.4, 1.0e-07
828.6, 1.0e-07
828.8, 1.0e-07
829.0, 1.0e-07
829.2, 1.0e-07
829.4, 1.0e-07
829.6, 1.0e-07
829.8, 1.0e-07
830.0, 1.0e-07
830.2, 1.0e-07
830.4, 1.0e-07
830.6, 1.0e-07
830.8, 1.0e-07
831.0, 1.0e-07
831.2, 1.0e-07
831.4, 1.0e-07
831.6, 1.0e-07
831.8, 1.0e-07
832.0, 1.0e-07
832.2, 1.0e-07
832.4, 1.0e-07
832.6, 1.0e-07
832.8, 1.0e-07
833.0, 1.0e-07
833.2, 1.0e-07
833.4, 1.0e-07
833.6, 1.0e-07
833.8, 1.0e-07
834.0, 1.0e-07
834.2, 1.0e-07
834.4, 1.0e-07
834.6, 1.0e-07
834.8, 1.0e-07
835.0, 1.0e-07
835.2, 1.0e-07
835.4, 1.0e-07
835.6, 1.0e-07
835.8, 1.0e-07
836.0, 1.0e-07
836.2, 1.0e-07
836.4, 1.0e-07
836.6, 1.0e-07
836.8, 1.0e-07
837.0, 1.0e-07
837.2, 1.0e-07
837.4, 1.0e-07
837.6, 1.0e-07
837.8, 1.0e-07
838.0, 1.0e-07
838.2, 1.0e-07
838.4, 1.0e-07
838.6, 1.0e-07
838.8, 1.0e-07
839.0, 1.0e-07
839.2, 1.0e-07
839.4, 1.0e-07
839.6, 1.0e-07
839.8, 1.0e-07
840.0, 1.0e-07
840.2, 1.0e-07
840.4, 1.0e-07
840.6, 1.0e-07
840.8, 1.0e-07
841.0, 1.0e-07
841.2, 1.0e-07
841.4, 1.0e-07
841.6, 1.0e-07
841.8, 1.0e-07
842.0, 1.0e-07
842.2, 1.0e-07
842.4, 1.0e-07
842.6, 1.0e-07
842.8, 1.0e-07
843.0, 1.0e-07
843.2, 1.0e-07
843.4, 1.0e-07
843.6, 1.0e-07
843.8, 1.0e-07
844.0, 1.0e-07
844.2, 1.0e-07
844.4, 1.0e-07
844.6, 1.0e-07
844.8, 1.0e-07
845.0, 1.0e-07
845.2, 1.0e-07
845.4, 1.0e-07
845.6, 1.0e-07
845.8, 1.0e-07
846.0, 1.0e-07
846.2, 1.0e-07
846.4, 1.0e-07
846.6, 1.0e-07
846.8, 1.0e-07
847.0, 1.0e-07
847.2, 1.0e-07
847.4, 1.0e-07
847.6, 1.0e-07
847.8, 1.0e-07
848.0, 1.0e-07
848.2, 1.0e-07
848.4, 1.0e-07
848.6, 1.0e-07
848.8, 1.0e-07
849.0, 1.0e-07
849.2, 1.0e-07
849.4, 1.0e-07
849.6, 1.0e-07
849.8, 1.0e-07
850.0, 1.0e-07
850.2, 1.0e-07
850.4, 1.0e-07
850.6, 1.0e-07
850.8, 1.0e-07
851.0, 1.0e-07
851.2, 1.0e-07
851.4, 1.0e-07
851.6, 1.0e-07
851.8, 1.0e-07
852.0, 1.0e-07
852.2, 1.0e-07
852.4, 1.0e-07
852.6, 1.0e-07
852.8, 1.0e-07
853.0, 1.0e-07
853.2, 1.0e-07
853.4, 1.0e-07
853.6, 1.0e-07
853.8, 1.0e-07
854.0, 1.0e-07
854.2, 1.0e-07
854.4, 1.0e-07
854.6, 1.0e-07
854.8, 1.0e-07
855.0, 1.0036e-07
855.2, 1.0087e-07
855.4, 1.0138e-07
855.6, 1.019e-07
855.8, 1.0241e-07
856.0, 1.0293e-07
856.2, 1.0346e-07
856.4, 1.0398e-07
856.6, 1.0451e-07
856.8, 1.0504e-07
857.0, 1.0557e-07
857.2, 1.0611e-07
857.4, 1.0665e-07
857.6, 1.0719e-07
857.8, 1.0773e-07
858.0, 1.0828e-07
858.2, 1.0883e-07
858.4, 1.0938e-07
858.6, 1.0529e-07
858.8, 9.9357e-08
859.0, 9.3757e-08
859.2, 8.8473e-08
859.4, 8.3487e-08
859.6, 7.8782e-08
859.8, 7.4342e-08
860.0, 7.0153e-08
860.2, 6.6199e-08
860.4, 6.2468e-08
860.6, 5.8948e-08
860.8, 5.5626e-08
861.0, 5.2491e-08
861.2, 4.9533e-08
861.4, 4.6741e-08
861.6, 4.4107e-08
861.8, 4.1621e-08
862.0, 3.9276e-08
862.2, 3.8223e-08
862.4, 3.7782e-08
862.6, 3.7346e-08
862.8, 3.6915e-08
863.0, 3.6489e-08
863.2, 3.6068e-08
863.4, 3.5652e-08
863.6, 3.524e-08
863.8, 3.4833e-08
864.0, 3.4431e-08
864.2, 3.4034e-08
864.4, 3.3641e-08
864.6, 3.3253e-08
864.8, 3.2869e-08
865.0, 3.249e-08
865.2, 3.2115e-08
865.4, 3.1744e-08
865.6, 3.1377e-08
865.8, 3.2584e-08
866.0, 3.4707e-08
866.2, 3.6968e-08
866.4, 3.9377e-08
866.6, 4.1943e-08
866.8, 4.4677e-08
867.0, 4.7588e-08
867.2, 5.0689e-08
867.4, 5.3992e-08
867.6, 5.751e-08
867.8, 6.1258e-08
868.0, 6.5249e-08
868.2, 6.9644e-08
868.4, 7.4334e-08
868.6, 7.934e-08
868.8, 8.4683e-08
869.0, 9.0386e-08
869.2, 9.6473e-08
869.4, 1.0067e-07
869.6, 1.0119e-07
869.8, 1.017e-07
870.0, 1.0222e-07
870.2, 1.0274e-07
870.4, 1.0326e-07
870.6, 1.0378e-07
870.8, 1.0431e-07
871.0, 1.0484e-07
871.2, 1.0537e-07
871.4, 1.0591e-07
871.6, 1.0645e-07
871.8, 1.0699e-07
872.0, 1.0753e-07
872.2, 1.0808e-07
872.4, 1.0863e-07
872.6, 1.0918e-07
872.8, 1.0973e-07
873.0, 1.1139e-07
873.2, 1.1578e-07
873.4, 1.2034e-07
873.6, 1.2509e-07
873.8, 1.3002e-07
874.0, 1.3514e-07
874.2, 1.4047e-07
874.4, 1.46e-07
874.6, 1.5176e-07
874.8, 1.5774e-07
875.0, 1.6396e-07
875.2, 1.7042e-07
875.4, 1.7714e-07
875.6, 1.8412e-07
875.8, 1.9138e-07
876.0, 1.9892e-07
876.2, 2.0676e-07
876.4, 2.1491e-07
876.6, 2.23e-07
876.8, 2.3006e-07
877.0, 2.3733e-07
877.2, 2.4483e-07
877.4, 2.5257e-07
877.6, 2.6056e-07
877.8, 2.688e-07
878.0, 2.7729e-07
878.2, 2.8606e-07
878.4, 2.9511e-07
878.6, 3.0444e-07
878.8, 3.1406e-07
879.0, 3.2399e-07
879.2, 3.3423e-07
879.4, 3.448e-07
879.6, 3.557e-07
879.8, 3.6695e-07
880.0, 3.7855e-07
880.2, 3.9304e-07
880.4, 4.2112e-07
880.6, 4.5121e-07
880.8, 4.8345e-07
881.0, 5.1799e-07
881.2, 5.55e-07
881.4, 5.9465e-07
881.6, 6.3714e-07
881.8, 6.8266e-07
882.0, 7.3143e-07
882.2, 7.8369e-07
882.4, 8.3968e-07
882.6, 8.9968e-07
882.8, 9.6396e-07
883.0, 1.0328e-06
883.2, 1.1066e-06
883.4, 1.1857e-06
883.6, 1.2704e-06
883.8, 1.3741e-06
884.0, 1.5929e-06
884.2, 1.8465e-06
884.4, 2.1405e-06
884.6, 2.4813e-06
884.8, 2.8763e-06
885.0, 3.3343e-06
885.2, 3.8651e-06
885.4, 4.4805e-06
885.6, 5.1939e-06
885.8, 6.0208e-06
886.0, 6.9794e-06
886.2, 8.0907e-06
886.4, 9.3788e-06
886.6, 1.0872e-05
886.8, 1.2603e-05
887.0, 1.461e-05
887.2, 1.6936e-05
887.4, 1.9404e-05
887.6, 1.9437e-05
887.8, 1.947e-05
888.0, 1.9503e-05
888.2, 1.9535e-05
888.4, 1.9568e-05
888.6, 1.9601e-05
888.8, 1.9634e-05
889.0, 1.9667e-05
889.2, 1.9701e-05
889.4, 1.9734e-05
889.6, 1.9767e-05
889.8, 1.98e-05
890.0, 1.9834e-05
890.2, 1.9867e-05
890.4, 1.9901e-05
890.6, 1.9934e-05
890.8, 1.9968e-05
891.0, 1.9897e-05
891.2, 1.7951e-05
891.4, 1.6194e-05
891.6, 1.461e-05
891.8, 1.3181e-05
892.0, 1.1891e-05
892.2, 1.0728e-05
892.4, 9.6782e-06
892.6, 8.7313e-06
892.8, 7.8771e-06
893.0, 7.1064e-06
893.2, 6.4111e-06
893.4, 5.7839e-06
893.6, 5.218e-06
893.8, 4.7075e-06
894.0, 4.247e-06
894.2, 3.8315e-06
894.4, 3.4566e-06
894.6, 3.1263e-06
894.8, 3.0686e-06
895.0, 3.012e-06
895.2, 2.9564e-06
895.4, 2.9018e-06
895.6, 2.8482e-06
895.8, 2.7956e-06
896.0, 2.744e-06
896.2, 2.6934e-06
896.4, 2.6437e-06
896.6, 2.5949e-06
896.8, 2.547e-06
897.0, 2.4999e-06
897.2, 2.4538e-06
897.4, 2.4085e-06
897.6, 2.364e-06
897.8, 2.3204e-06
898.0, 2.2776e-06
898.2, 2.2366e-06
898.4, 2.2698e-06
898.6, 2.3034e-06
898.8, 2.3376e-06
899.0, 2.3723e-06
899.2, 2.4074e-06
899.4, 2.4431e-06
899.6, 2.4794e-06
899.8, 2.5161e-06
900.0, 2.5534e-06
900.2, 2.5913e-06
900.4, 2.6297e-06
900.6, 2.6687e-06
900.8, 2.7083e-06
901.0, 2.7484e-06
901.2, 2.7892e-06
901.4, 2.8305e-06
901.6, 2.8725e-06
901.8, 2.917e-06
902.0, 3.0959e-06
902.2, 3.2858e-06
902.4, 3.4873e-06
902.6, 3.7012e-06
902.8, 3.9282e-06
903.0, 4.1692e-06
903.2, 4.4249e-06
903.4, 4.6962e-06
903.6, 4.9843e-06
903.8, 5.29e-06
904.0, 5.6144e-06
904.2, 5.9587e-06
904.4, 6.3242e-06
904.6, 6.7121e-06
904.8, 7.1237e-06
905.0, 7.5607e-06
905.2, 8.0244e-06
905.4, 8.5223e-06
905.6, 9.295e-06
905.8, 1.0138e-05
906.0, 1.1057e-05
906.2, 1.2059e-05
906.4, 1.3153e-05
906.6, 1.4345e-05
906.8, 1.5646e-05
907.0, 1.7064e-05
907.2, 1.8612e-05
907.4, 2.0299e-05
907.6, 2.2139e-05
907.8, 2.4147e-05
908.0, 2.6336e-05
908.2, 2.8724e-05
908.4, 3.1328e-05
908.6, 3.4169e-05
908.8, 3.7266e-05
909.0, 4.0413e-05
909.2, 3.8204e-05
909.4, 3.6115e-05
909.6, 3.414e-05
909.8, 3.2273e-05
910.0, 3.0508e-05
910.2, 2.884e-05
910.4, 2.7263e-05
910.6, 2.5772e-05
910.8, 2.4363e-05
911.0, 2.3031e-05
911.2, 2.1772e-05
911.4, 2.0581e-05
911.6, 1.9456e-05
911.8, 1.8392e-05
912.0, 1.7386e-05
912.2, 1.6435e-05
912.4, 1.5537e-05
912.6, 1.4682e-05
912.8, 1.3797e-05
913.0, 1.2965e-05
913.2, 1.2184e-05
913.4, 1.1449e-05
913.6, 1.0759e-05
913.8, 1.0111e-05
914.0, 9.5015e-06
914.2, 8.9289e-06
914.4, 8.3908e-06
914.6, 7.885e-06
914.8, 7.4098e-06
915.0, 6.9632e-06
915.2, 6.5436e-06
915.4, 6.1492e-06
915.6, 5.7786e-06
915.8, 5.4303e-06
916.0, 5.103e-06
916.2, 4.817e-06
916.4, 4.7342e-06
916.6, 4.6527e-06
916.8, 4.5727e-06
917.0, 4.4941e-06
917.2, 4.4168e-06
917.4, 4.3409e-06
917.6, 4.2662e-06
917.8, 4.1928e-06
918.0, 4.1207e-06
918.2, 4.0499e-06
918.4, 3.9802e-06
918.6, 3.9118e-06
918.8, 3.8445e-06
919.0, 3.7784e-06
919.2, 3.7134e-06
919.4, 3.6495e-06
919.6, 3.5868e-06
919.8, 3.5397e-06
920.0, 3.5762e-06
920.2, 3.6131e-06
920.4, 3.6504e-06
920.6, 3.688e-06
920.8, 3.726e-06
921.0, 3.7645e-06
921.2, 3.8033e-06
921.4, 3.8425e-06
921.6, 3.8821e-06
921.8, 3.9221e-06
922.0, 3.9626e-06
922.2, 4.0034e-06
922.4, 4.0447e-06
922.6, 4.0864e-06
922.8, 4.1286e-06
923.0, 4.1712e-06
923.2, 4.2142e-06
923.4, 4.2801e-06
923.6, 4.4365e-06
923.8, 4.5987e-06
924.0, 4.7668e-06
924.2, 4.941e-06
924.4, 5.1217e-06
924.6, 5.3089e-06
924.8, 5.5029e-06
925.0, 5.7041e-06
925.2, 5.9126e-06
925.4, 6.1287e-06
925.6, 6.3528e-06
925.8, 6.585e-06
926.0, 6.8257e-06
926.2, 7.0752e-06
926.4, 7.3338e-06
926.6, 7.6019e-06
926.8, 7.8798e-06
927.0, 8.2348e-06
927.2, 8.803e-06
927.4, 9.4104e-06
927.6, 1.006e-05
927.8, 1.0754e-05
928.0, 1.1496e-05
928.2, 1.2289e-05
928.4, 1.3137e-05
928.6, 1.4043e-05
928.8, 1.5012e-05
929.0, 1.6048e-05
929.2, 1.7155e-05
929.4, 1.8339e-05
929.6, 1.9604e-05
929.8, 2.0956e-05
930.0, 2.2402e-05
930.2, 2.3948e-05
930.4, 2.56e-05
930.6, 2.7116e-05
930.8, 2.8211e-05
931.0, 2.9351e-05
931.2, 3.0537e-05
931.4, 3.1771e-05
931.6, 3.3055e-05
931.8, 3.4391e-05
932.0, 3.5781e-05
932.2, 3.6715e-05
932.4, 3.7674e-05
932.6, 3.8658e-05
932.8, 3.9667e-05
933.0, 4.0703e-05
933.2, 4.1766e-05
933.4, 4.2857e-05
933.6, 4.3976e-05
933.8, 4.5125e-05
934.0, 4.6303e-05
934.2, 4.7513e-05
934.4, 4.8753e-05
934.6, 5.0027e-05
934.8, 4.7245e-05
935.0, 4.4543e-05
935.2, 4.1995e-05
935.4, 3.9593e-05
935.6, 3.7328e-05
935.8, 3.5193e-05
936.0, 3.318e-05
936.2, 3.1282e-05
936.4, 2.9492e-05
936.6, 2.7805e-05
936.8, 2.6215e-05
937.0, 2.4715e-05
937.2, 2.3302e-05
937.4, 2.1969e-05
937.6, 2.0712e-05
937.8, 1.9527e-05
938.0, 1.841e-05
938.2, 1.7362e-05
938.4, 1.6598e-05
938.6, 1.5868e-05
938.8, 1.517e-05
939.0, 1.4502e-05
939.2, 1.3864e-05
939.4, 1.3254e-05
939.6, 1.2671e-05
939.8, 1.2114e-05
940.0, 1.1581e-05
940.2, 1.1071e-05
940.4, 1.0584e-05
940.6, 1.0118e-05
940.8, 9.6733e-06
941.0, 9.2477e-06
941.2, 8.8408e-06
941.4, 8.4518e-06
941.6, 8.08e-06
941.8, 7.7361e-06
942.0, 7.5555e-06
942.2, 7.3792e-06
942.4, 7.2069e-06
942.6, 7.0387e-06
942.8, 6.8745e-06
943.0, 6.714e-06
943.2, 6.5573e-06
943.4, 6.4043e-06
943.6, 6.2548e-06
943.8, 6.1088e-06
944.0, 5.9662e-06
944.2, 5.827e-06
944.4, 5.691e-06
944.6, 5.5582e-06
944.8, 5.4284e-06
945.0, 5.3017e-06
945.2, 5.178e-06
945.4, 5.0686e-06
945.6, 5.037e-06
945.8, 5.0056e-06
946.0, 4.9745e-06
946.2, 4.9435e-06
946.4, 4.9127e-06
946.6, 4.8821e-06
946.8, 4.8517e-06
947.0, 4.8215e-06
947.2, 4.7914e-06
947.4, 4.7616e-06
947.6, 4.7319e-06
947.8, 4.7024e-06
948.0, 4.6731e-06
948.2, 4.644e-06
948.4, 4.6151e-06
948.6, 4.5864e-06
948.8, 4.5578e-06
949.0, 4.5419e-06
949.2, 4.5778e-06
949.4, 4.614e-06
949.6, 4.6505e-06
949.8, 4.6872e-06
950.0, 4.7243e-06
950.2, 4.7617e-06
950.4, 4.7993e-06
950.6, 4.8372e-06
950.8, 4.8755e-06
951.0, 4.914e-06
951.2, 4.9529e-06
951.4, 4.992e-06
951.6, 5.0315e-06
951.8, 5.0713e-06
952.0, 5.1114e-06
952.2, 5.1518e-06
952.4, 5.1925e-06
952.6, 5.2563e-06
952.8, 5.382e-06
953.0, 5.5107e-06
953.2, 5.6424e-06
953.4, 5.7773e-06
953.6, 5.9155e-06
953.8, 6.0569e-06
954.0, 6.2017e-06
954.2, 6.35e-06
954.4, 6.5018e-06
954.6, 6.6573e-06
954.8, 6.8164e-06
955.0, 6.9794e-06
955.2, 7.1463e-06
955.4, 7.3171e-06
955.6, 7.4921e-06
955.8, 7.6712e-06
956.0, 7.8546e-06
956.2, 8.1052e-06
956.4, 8.4777e-06
956.6, 8.8672e-06
956.8, 9.2747e-06
957.0, 9.7009e-06
957.2, 1.0147e-05
957.4, 1.0613e-05
957.6, 1.1101e-05
957.8, 1.1611e-05
958.0, 1.2144e-05
958.2, 1.2703e-05
958.4, 1.3286e-05
958.6, 1.3897e-05
958.8, 1.4535e-05
959.0, 1.5203e-05
959.2, 1.5902e-05
959.4, 1.6633e-05
959.6, 1.7397e-05
959.8, 1.8133e-05
960.0, 1.8822e-05
960.2, 1.9536e-05
960.4, 2.0279e-05
960.6, 2.1049e-05
960.8, 2.1848e-05
961.0, 2.2678e-05
961.2, 2.354e-05
961.4, 2.4434e-05
961.6, 2.5362e-05
961.8, 2.6325e-05
962.0, 2.7325e-05
962.2, 2.8363e-05
962.4, 2.9441e-05
962.6, 3.0559e-05
962.8, 3.172e-05
963.0, 3.2924e-05
963.2, 3.4175e-05
963.4, 3.4092e-05
963.6, 3.2985e-05
963.8, 3.1914e-05
964.0, 3.0878e-05
964.2, 2.9876e-05
964.4, 2.8906e-05
964.6, 2.7967e-05
964.8, 2.7059e-05
965.0, 2.6181e-05
965.2, 2.5331e-05
965.4, 2.4509e-05
965.6, 2.3713e-05
965.8, 2.2943e-05
966.0, 2.2198e-05
966.2, 2.1478e-05
966.4, 2.078e-05
966.6, 2.0106e-05
966.8, 1.9453e-05
967.0, 1.8618e-05
967.2, 1.7728e-05
967.4, 1.6881e-05
967.6, 1.6074e-05
967.8, 1.5305e-05
968.0, 1.4574e-05
968.2, 1.3877e-05
968.4, 1.3214e-05
968.6, 1.2582e-05
968.8, 1.1981e-05
969.0, 1.1408e-05
969.2, 1.0863e-05
969.4, 1.0343e-05
969.6, 9.8489e-06
969.8, 9.3781e-06
970.0, 8.9298e-06
970.2, 8.503e-06
970.4, 8.0965e-06
970.6, 7.8559e-06
970.8, 7.6572e-06
971.0, 7.4636e-06
971.2, 7.2749e-06
971.4, 7.0909e-06
971.6, 6.9116e-06
971.8, 6.7368e-06
972.0, 6.5665e-06
972.2, 6.406e-06
972.4, 6.2495e-06
972.6, 6.0968e-06
972.8, 5.9479e-06
973.0, 5.8026e-06
973.2, 5.6608e-06
973.4, 5.5225e-06
973.6, 5.3876e-06
973.8, 5.256e-06
974.0, 5.1276e-06
974.2, 5.0023e-06
974.4, 4.8801e-06
974.6, 4.7814e-06
974.8, 4.7548e-06
975.0, 4.7283e-06
975.2, 4.7019e-06
975.4, 4.6757e-06
975.6, 4.6496e-06
975.8, 4.6237e-06
976.0, 4.598e-06
976.2, 4.5723e-06
976.4, 4.5469e-06
976.6, 4.5215e-06
976.8, 4.4963e-06
977.0, 4.4713e-06
977.2, 4.4463e-06
977.4, 4.4216e-06
977.6, 4.3969e-06
977.8, 4.3724e-06
978.0, 4.348e-06
978.2, 4.3413e-06
978.4, 4.3798e-06
978.6, 4.4187e-06
978.8, 4.4579e-06
979.0, 4.4975e-06
979.2, 4.5374e-06
979.4, 4.5777e-06
979.6, 4.6183e-06
979.8, 4.6593e-06
980.0, 4.7007e-06
980.2, 4.7424e-06
980.4, 4.7845e-06
980.6, 4.8269e-06
980.8, 4.8698e-06
981.0, 4.913e-06
981.2, 4.9566e-06
981.4, 5.0006e-06
981.6, 5.045e-06
981.8, 5.1183e-06
982.0, 5.2468e-06
982.2, 5.3786e-06
982.4, 5.5137e-06
982.6, 5.6522e-06
982.8, 5.7942e-06
983.0, 5.9397e-06
983.2, 6.0889e-06
983.4, 6.2419e-06
983.6, 6.3986e-06
983.8, 6.5594e-06
984.0, 6.7241e-06
984.2, 6.893e-06
984.4, 7.0661e-06
984.6, 7.2436e-06
984.8, 7.4256e-06
985.0, 7.6121e-06
985.2, 7.8033e-06
985.4, 8.0584e-06
985.6, 8.4035e-06
985.8, 8.7634e-06
986.0, 9.1387e-06
986.2, 9.5301e-06
986.4, 9.9383e-06
986.6, 1.0364e-05
986.8, 1.0808e-05
987.0, 1.1271e-05
987.2, 1.1753e-05
987.4, 1.2257e-05
987.6, 1.2782e-05
987.8, 1.3329e-05
988.0, 1.39e-05
988.2, 1.4495e-05
988.4, 1.5116e-05
988.6, 1.5763e-05
988.8, 1.6438e-05
989.0, 1.7175e-05
989.2, 1.7977e-05
989.4, 1.8817e-05
989.6, 1.9696e-05
989.8, 2.0616e-05
990.0, 2.1579e-05
990.2, 2.2587e-05
990.4, 2.3643e-05
990.6, 2.4747e-05
990.8, 2.5903e-05
991.0, 2.7113e-05
991.2, 2.8379e-05
991.4, 2.9705e-05
991.6, 3.1093e-05
991.8, 3.2545e-05
992.0, 3.4065e-05
992.2, 3.5657e-05
992.4, 3.7322e-05
992.6, 3.8032e-05
992.8, 3.8109e-05
993.0, 3.8186e-05
993.2, 3.8264e-05
993.4, 3.8341e-05
993.6, 3.8419e-05
993.8, 3.8497e-05
994.0, 3.8575e-05
994.2, 3.8654e-05
994.4, 3.8732e-05
994.6, 3.8811e-05
994.8, 3.889e-05
995.0, 3.8968e-05
995.2, 3.9048e-05
995.4, 3.9127e-05
995.6, 3.9206e-05
995.8, 3.9286e-05
996.0, 3.9366e-05
996.2, 3.8509e-05
996.4, 3.732e-05
996.6, 3.6168e-05
996.8, 3.5052e-05
997.0, 3.397e-05
997.2, 3.2921e-05
997.4, 3.1905e-05
997.6, 3.092e-05
997.8, 2.9965e-05
998.0, 2.904e-05
998.2, 2.8144e-05
998.4, 2.7275e-05
998.6, 2.6433e-05
998.8, 2.5617e-05
999.0, 2.4827e-05
999.2, 2.406e-05
999.4, 2.3318e-05
999.6, 2.2598e-05
999.8, 2.227e-05
1000.0, 2.202e-05
1000.2, 2.1088e-05
1000.4, 2.0196e-05
1000.6, 1.9341e-05
1000.8, 1.8523e-05
1001.0, 1.7739e-05
1001.2, 1.7353e-05
1001.4, 1.7063e-05
1001.6, 1.6778e-05
1001.8, 1.6497e-05
1002.0, 1.6222e-05
1002.2, 1.5951e-05
1002.4, 1.5684e-05
1002.6, 1.5422e-05
1002.8, 1.5164e-05
1003.0, 1.4911e-05
1003.2, 1.4662e-05
1003.4, 1.4417e-05
1003.6, 1.4176e-05
1003.8, 1.3939e-05
1004.0, 1.3706e-05
1004.2, 1.3477e-05
1004.4, 1.3252e-05
1004.6, 1.303e-05
1004.8, 1.2951e-05
1005.0, 1.2888e-05
1005.2, 1.2826e-05
1005.4, 1.2763e-05
1005.6, 1.2702e-05
1005.8, 1.264e-05
1006.0, 1.2579e-05
1006.2, 1.2518e-05
1006.4, 1.2457e-05
1006.6, 1.2397e-05
1006.8, 1.2336e-05
1007.0, 1.2277e-05
1007.2, 1.2217e-05
1007.4, 1.2158e-05
1007.6, 1.2099e-05
1007.8, 1.204e-05
1008.0, 1.1982e-05
1008.2, 1.1924e-05
1008.4, 1.1983e-05
1008.6, 1.2042e-05
1008.8, 1.2102e-05
1009.0, 1.2163e-05
1009.2, 1.2223e-05
1009.4, 1.2284e-05
1009.6, 1.2346e-05
1009.8, 1.2407e-05
1010.0, 1.2469e-05
1010.2, 1.2531e-05
1010.4, 1.2594e-05
1010.6, 1.2657e-05
1010.8, 1.272e-05
1011.0, 1.2783e-05
1011.2, 1.2847e-05
1011.4, 1.2911e-05
1011.6, 1.2976e-05
1011.8, 1.3047e-05
1012.0, 1.3179e-05
1012.2, 1.3313e-05
1012.4, 1.3447e-05
1012.6, 1.3584e-05
1012.8, 1.3721e-05
1013.0, 1.386e-05
1013.2, 1.4e-05
1013.4, 1.4142e-05
1013.6, 1.4285e-05
1013.8, 1.4429e-05
1014.0, 1.4575e-05
1014.2, 1.4723e-05
1014.4, 1.4872e-05
1014.6, 1.5022e-05
1014.8, 1.5174e-05
1015.0, 1.5328e-05
1015.2, 1.5483e-05
1015.4, 1.5656e-05
1015.6, 1.5886e-05
1015.8, 1.612e-05
1016.0, 1.6358e-05
1016.2, 1.6599e-05
1016.4, 1.6844e-05
1016.6, 1.7092e-05
1016.8, 1.7344e-05
1017.0, 1.7599e-05
1017.2, 1.7859e-05
1017.4, 1.8122e-05
1017.6, 1.8389e-05
1017.8, 1.866e-05
1018.0, 1.8935e-05
1018.2, 1.9214e-05
1018.4, 1.9497e-05
1018.6, 1.9785e-05
1018.8, 2.0076e-05
1019.0, 2.0387e-05
1019.2, 2.0732e-05
1019.4, 2.1082e-05
1019.6, 2.1439e-05
1019.8, 2.1801e-05
1020.0, 2.2169e-05
1020.2, 2.2544e-05
1020.4, 2.2925e-05
1020.6, 2.3313e-05
1020.8, 2.3707e-05
1021.0, 2.4107e-05
1021.2, 2.4515e-05
1021.4, 2.4929e-05
1021.6, 2.5351e-05
1021.8, 2.5779e-05
1022.0, 2.6215e-05
1022.2, 2.6658e-05
1022.4, 2.7108e-05
1022.6, 2.7618e-05
1022.8, 2.8193e-05
1023.0, 2.8779e-05
1023.2, 2.9378e-05
1023.4, 2.9989e-05
1023.6, 3.0613e-05
1023.8, 3.125e-05
1024.0, 3.19e-05
1024.2, 3.2564e-05
1024.4, 3.3241e-05
1024.6, 3.3933e-05
1024.8, 3.4639e-05
1025.0, 3.536e-05
1025.2, 3.589e-05
1025.4, 3.6427e-05
1025.6, 3.6973e-05
1025.8, 3.7527e-05
1026.0, 3.809e-05
1026.2, 3.877e-05
1026.4, 3.9593e-05
1026.6, 4.0434e-05
1026.8, 4.1293e-05
1027.0, 4.217e-05
1027.2, 4.3066e-05
1027.4, 4.3981e-05
1027.6, 4.4915e-05
1027.8, 4.5869e-05
1028.0, 4.6843e-05
1028.2, 4.7838e-05
1028.4, 4.8854e-05
1028.6, 4.9892e-05
1028.8, 5.0951e-05
1029.0, 5.2034e-05
1029.2, 5.3139e-05
1029.4, 5.4267e-05
1029.6, 5.542e-05
1029.8, 5.6416e-05
1030.0, 5.7298e-05
1030.2, 5.8193e-05
1030.4, 5.9102e-05
1030.6, 6.0025e-05
1030.8, 6.0963e-05
1031.0, 6.1915e-05
1031.2, 6.2882e-05
1031.4, 6.3864e-05
1031.6, 6.4862e-05
1031.8, 6.5875e-05
1032.0, 6.6904e-05
1032.2, 6.7949e-05
1032.4, 6.9011e-05
1032.6, 7.0089e-05
1032.8, 7.1183e-05
1033.0, 7.2295e-05
1033.2, 7.3425e-05
1033.4, 7.3876e-05
1033.6, 7.4054e-05
1033.8, 7.4231e-05
1034.0, 7.4409e-05
1034.2, 7.4588e-05
1034.4, 7.4767e-05
1034.6, 7.4946e-05
1034.8, 7.5126e-05
1035.0, 7.5307e-05
1035.2, 7.5487e-05
1035.4, 7.5669e-05
1035.6, 7.585e-05
1035.8, 7.6032e-05
1036.0, 7.6215e-05
1036.2, 7.6398e-05
1036.4, 7.6581e-05
1036.6, 7.6765e-05
1036.8, 7.6949e-05
1037.0, 7.6263e-05
1037.2, 7.5444e-05
1037.4, 7.4634e-05
1037.6, 7.3833e-05
1037.8, 7.304e-05
1038.0, 7.2255e-05
1038.2, 7.1479e-05
1038.4, 7.0712e-05
1038.6, 6.9952e-05
1038.8, 6.9201e-05
1039.0, 6.8458e-05
1039.2, 6.7723e-05
1039.4, 6.6996e-05
1039.6, 6.6276e-05
1039.8, 6.5564e-05
1040.0, 6.486e-05
1040.2, 6.4164e-05
1040.4, 6.3473e-05
1040.6, 6.2612e-05
1040.8, 6.1763e-05
1041.0, 6.0926e-05
1041.2, 6.01e-05
1041.4, 5.9285e-05
1041.6, 5.8481e-05
1041.8, 5.7688e-05
1042.0, 5.6906e-05
1042.2, 5.6134e-05
1042.4, 5.5373e-05
1042.6, 5.4622e-05
1042.8, 5.3882e-05
1043.0, 5.3151e-05
1043.2, 5.243e-05
1043.4, 5.172e-05
1043.6, 5.1018e-05
1043.8, 5.0327e-05
1044.0, 4.9737e-05
1044.2, 4.9608e-05
1044.4, 4.9478e-05
1044.6, 4.9349e-05
1044.8, 4.922e-05
1045.0, 4.9092e-05
1045.2, 4.9323e-05
1045.4, 4.9556e-05
1045.6, 4.979e-05
1045.8, 4.9715e-05
1046.0, 4.9234e-05
1046.2, 4.8757e-05
1046.4, 4.8284e-05
1046.6, 4.7816e-05
1046.8, 4.7288e-05
1047.0, 4.6764e-05
1047.2, 4.6245e-05
1047.4, 4.5732e-05
1047.6, 4.5605e-05
1047.8, 4.5854e-05
1048.0, 4.6104e-05
1048.2, 4.6355e-05
1048.4, 4.6575e-05
1048.6, 4.6021e-05
1048.8, 4.5473e-05
1049.0, 4.4932e-05
1049.2, 4.4397e-05
1049.4, 4.4047e-05
1049.6, 4.3828e-05
1049.8, 4.3611e-05
1050.0, 4.3394e-05
1050.2, 4.3238e-05
1050.4, 4.3521e-05
1050.6, 4.3806e-05
1050.8, 4.4092e-05
1051.0, 4.4381e-05
1051.2, 4.4583e-05
1051.4, 4.4739e-05
1051.6, 4.4896e-05
1051.8, 4.5053e-05
1052.0, 4.5297e-05
1052.2, 4.5905e-05
1052.4, 4.6521e-05
1052.6, 4.7145e-05
1052.8, 4.7778e-05
1053.0, 4.7988e-05
1053.2, 4.8048e-05
1053.4, 4.8108e-05
1053.6, 4.8168e-05
1053.8, 4.8471e-05
1054.0, 4.9411e-05
1054.2, 5.0368e-05
1054.4, 5.1344e-05
1054.6, 5.2339e-05
1054.8, 5.3013e-05
1055.0, 5.3619e-05
1055.2, 5.4233e-05
1055.4, 5.4854e-05
1055.6, 5.5429e-05
1055.8, 5.5918e-05
1056.0, 5.6412e-05
1056.2, 5.6911e-05
1056.4, 5.7413e-05
1056.6, 5.8543e-05
1056.8, 5.9762e-05
1057.0, 6.1007e-05
1057.2, 6.2278e-05
1057.4, 6.3476e-05
1057.6, 6.4576e-05
1057.8, 6.5695e-05
1058.0, 6.6833e-05
1058.2, 6.7991e-05
1058.4, 6.9122e-05
1058.6, 7.0271e-05
1058.8, 7.144e-05
1059.0, 7.2629e-05
1059.2, 7.4354e-05
1059.4, 7.6575e-05
1059.6, 7.8863e-05
1059.8, 8.1219e-05
1060.0, 8.3607e-05
1060.2, 8.5649e-05
1060.4, 8.7742e-05
1060.6, 8.9885e-05
1060.8, 9.208e-05
1061.0, 9.4345e-05
1061.2, 9.6675e-05
1061.4, 9.9062e-05
1061.6, 1.0151e-04
1061.8, 1.04e-04
1062.0, 1.0647e-04
1062.2, 1.0899e-04
1062.4, 1.1158e-04
1062.6, 1.1423e-04
1062.8, 1.181e-04
1063.0, 1.2257e-04
1063.2, 1.272e-04
1063.4, 1.3201e-04
1063.6, 1.3704e-04
1063.8, 1.4238e-04
1064.0, 1.4793e-04
1064.2, 1.537e-04
1064.4, 1.5969e-04
1064.6, 1.6988e-04
1064.8, 1.8165e-04
1065.0, 1.9424e-04
1065.2, 2.2978e-04
1065.4, 2.3698e-04
1065.6, 2.3944e-04
1065.8, 2.5136e-04
1066.0, 2.553e-04
1066.2, 2.532e-04
1066.4, 2.6245e-04
1066.6, 2.752e-04
1066.8, 2.94e-04
1067.0, 3.0769e-04
1067.2, 3.1874e-04
1067.4, 3.2387e-04
1067.6, 3.329e-04
1067.8, 3.4658e-04
1068.0, 3.543e-04
1068.2, 3.6348e-04
1068.4, 3.8107e-04
1068.6, 3.9549e-04
1068.8, 4.0785e-04
1069.0, 4.2567e-04
1069.2, 4.444e-04
1069.4, 4.6413e-04
1069.6, 4.7877e-04
1069.8, 4.9041e-04
1070.0, 4.9277e-04
1070.2, 5.0778e-04
1070.4, 5.3583e-04
1070.6, 5.4071e-04
1070.8, 5.4757e-04
1071.0, 5.6748e-04
1071.2, 5.8521e-04
1071.4, 6.0142e-04
1071.6, 6.0598e-04
1071.8, 6.121e-04
1072.0, 6.204e-04
1072.2, 6.3388e-04
1072.4, 6.4693e-04
1072.6, 6.5094e-04
1072.8, 6.5853e-04
1073.0, 6.6906e-04
1073.2, 6.7174e-04
1073.4, 6.7489e-04
1073.6, 6.801e-04
1073.8, 6.9032e-04
1074.0, 7.0109e-04
1074.2, 6.9333e-04
1074.4, 6.8854e-04
1074.6, 6.8707e-04
1074.8, 6.9428e-04
1075.0, 6.9795e-04
1075.2, 6.8448e-04
1075.4, 6.7127e-04
1075.6, 6.5832e-04
1075.8, 6.4561e-04
1076.0, 6.3315e-04
1076.2, 6.2093e-04
1076.4, 6.0895e-04
1076.6, 6.0292e-04
1076.8, 5.991e-04
1077.0, 5.9531e-04
1077.2, 5.9155e-04
1077.4, 5.878e-04
1077.6, 5.8409e-04
1077.8, 5.8039e-04
1078.0, 5.7672e-04
1078.2, 5.7307e-04
1078.4, 5.6945e-04
1078.6, 5.6584e-04
1078.8, 5.6226e-04
1079.0, 5.5871e-04
1079.2, 5.5517e-04
1079.4, 5.5166e-04
1079.6, 5.4817e-04
1079.8, 5.447e-04
1080.0, 5.4282e-04
1080.2, 5.4142e-04
1080.4, 5.4004e-04
1080.6, 5.3865e-04
1080.8, 5.3727e-04
1081.0, 5.3589e-04
1081.2, 5.3452e-04
1081.4, 5.3315e-04
1081.6, 5.3178e-04
1081.8, 5.3042e-04
1082.0, 5.2906e-04
1082.2, 5.277e-04
1082.4, 5.2635e-04
1082.6, 5.25e-04
1082.8, 5.2366e-04
1083.0, 5.2231e-04
1083.2, 5.2097e-04
1083.4, 5.2274e-04
1083.6, 5.2525e-04
1083.8, 5.2777e-04
1084.0, 5.303e-04
1084.2, 5.3284e-04
1084.4, 5.354e-04
1084.6, 5.3797e-04
1084.8, 5.4055e-04
1085.0, 5.4314e-04
1085.2, 5.4574e-04
1085.4, 5.4836e-04
1085.6, 5.5099e-04
1085.8, 5.5363e-04
1086.0, 5.5629e-04
1086.2, 5.5951e-04
1086.4, 5.6495e-04
1086.6, 5.7044e-04
1086.8, 5.7598e-04
1087.0, 5.8157e-04
1087.2, 5.8722e-04
1087.4, 5.9292e-04
1087.6, 5.9868e-04
1087.8, 6.045e-04
1088.0, 6.1037e-04
1088.2, 6.163e-04
1088.4, 6.2228e-04
1088.6, 6.2833e-04
1088.8, 6.3443e-04
1089.0, 6.4059e-04
1089.2, 6.4681e-04
1089.4, 6.531e-04
1089.6, 6.6052e-04
1089.8, 6.7122e-04
1090.0, 6.821e-04
1090.2, 6.9315e-04
1090.4, 7.0438e-04
1090.6, 7.158e-04
1090.8, 7.2739e-04
1091.0, 7.3918e-04
1091.2, 7.5116e-04
1091.4, 7.6333e-04
1091.6, 7.757e-04
1091.8, 7.8827e-04
1092.0, 8.0104e-04
1092.2, 8.1402e-04
1092.4, 8.2721e-04
1092.6, 8.4062e-04
1092.8, 8.5424e-04
1093.0, 8.6966e-04
1093.2, 8.8886e-04
1093.4, 9.0848e-04
1093.6, 9.2853e-04
1093.8, 9.4903e-04
1094.0, 9.6998e-04
1094.2, 9.9139e-04
1094.4, 0.00101
1094.6, 0.00104
1094.8, 0.00106
1095.0, 0.00108
1095.2, 0.00111
1095.4, 0.00113
1095.6, 0.00116
1095.8, 0.00118
1096.0, 0.00121
1096.2, 0.00123
1096.4, 0.00126
1096.6, 0.00129
1096.8, 0.00132
1097.0, 0.00135
1097.2, 0.00138
1097.4, 0.00141
1097.6, 0.00145
1097.8, 0.00148
1098.0, 0.00151
1098.2, 0.00155
1098.4, 0.00158
1098.6, 0.00162
1098.8, 0.00165
1099.0, 0.00169
1099.2, 0.00173
1099.4, 0.00177
1099.6, 0.00181
1099.8, 0.00185
1100.0, 0.00189
1100.2, 0.00194
1100.4, 0.00198
1100.6, 0.00203
1100.8, 0.00207
1101.0, 0.00212
1101.2, 0.00217
1101.4, 0.00222
1101.6, 0.00227
1101.8, 0.00232
1102.0, 0.00238
1102.2, 0.00243
1102.4, 0.00249
1102.6, 0.00254
1102.8, 0.0026
1103.0, 0.00267
1103.2, 0.00273
1103.4, 0.0028
1103.6, 0.00286
1103.8, 0.00293
1104.0, 0.003
1104.2, 0.00308
1104.4, 0.00315
1104.6, 0.00323
1104.8, 0.00331
1105.0, 0.0034
1105.2, 0.00348
1105.4, 0.00357
1105.6, 0.00366
1105.8, 0.00375
1106.0, 0.00385
1106.2, 0.00394
1106.4, 0.00404
1106.6, 0.00415
1106.8, 0.00425
1107.0, 0.00436
1107.2, 0.00447
1107.4, 0.00458
1107.6, 0.0047
1107.8, 0.00481
1108.0, 0.00493
1108.2, 0.00504
1108.4, 0.00516
1108.6, 0.00529
1108.8, 0.00541
1109.0, 0.00554